,pcomment
0,"['송곳니 발치 견 묘 종 치와와 나이 살 몸무게 암수 여 거주지 시 구 서울 서초구 중성 화하다 발치 하다 되다 같다 노련하다 자다 해주다 것 같다 감사하다 노', '감사하다 견 묘 종 치와와 나이 살 몸무게 암수 여 거주지 시 구 서울 서초구 합리 비용 신경 써주다 감사하다 여자아이 수술 처음 걱정 하다 노련하다 자다 해주다 것 같다 다니다 병원 이전 하다 어디 다니다 고민 하다 조금 거리 있다 쪽 다니다 구 원장 감사하다 정', '의사 선생님 사랑 하다 오늘 둘째 중성 시키다 만족스럽다 의사 선생님 설명 친절하다 고객 입장 궁금하다 점', '비용 나가다 부분 등 자세하다 차분하다 설명 해주다 굉장하다 많다 도움 되어다 수술 만족 이다 첫째 전 홍대 병원 중성 하다 피 딱지 진 거의 주일 넘어가다 때 있다 계속 신경 써주다 하다 둘째 수술 부위 완전 깔끔하다', '애도 아프다 것 같다 않다 쌩쌩하다 자다 다니다 둘째 활 넘치다 첫째 수술 당일 눈물 줄줄 흐르다 밥 물 자다 먹다 거렸어 걱정 많다 직원 친절하다 하나 열 자다 챙기다 정말 많다 감동 받다 그 자리 바로 첫째 둘째 추가 접종 예약 단골 도장 찍다 여러분 진짜 여기 숨기다 맛집 같다 곳 꼭 가보다 완전 추천 하다 천', '진짜 감사하다 우리 설다 겁 많다 아프다 걱정 하다 수술 깔끔하다 해주다 그 덕분 수술 저녁 회복하다 발랄하다 다니다 선생님 친절하다 설 간식 무료 챙기다 케어 가격 모든 좋다 감사하다']"
1,"['로스트 마이 땅콩 집 강아지 땅콩 떼주엇습니 사실 여기 예방접종 맞다 다니다 있다 병원 페북 광고 돌다 반갑다 마음 가입 구매 하다 여기 원장 정말 친절하다 수컷 중성 수술 하다 제 멍청하다 구매 방법 모르다 마펫 전화하다 꼬치꼬치 캐 물어 써다 친절하다 알다 주다 감사하다 저 프리미엄 구매 하다 뭐 그냥 스탠 다드 하다 괜찮다 것 같다 나이 많다 프리미엄 하다 게 좋다 것 같다 검사 항목 다르다 간 김 유치 발치 깔끔하다 마치 오다 저 저희 강아지 기운 없다 줄 알다 자마자 자다 먹다 감사하다 이', '수컷 강아지 중성 수술 시키다 중성 수술 시키다 말 망설이다 어느덧다 거의 되다 가다 수술 전 우리 애가 되다 생각 들다 무섭다 암컷 비 하다 비교 간단하다 안내받다 맘 놓다 수술 수술 깔다 첨 밥 먹다 힘들다 하다 맘 아프다 일주일 지난 지금 실밥 뽑다 이제 마무리 되다 일주일 길다 원장 워낙 해주다 더욱 안심 가다 이 병원 갈다 고민 라면 걱정 하다 않다 되다']"
2,['']
3,['중성 수술 자다 마치다 저희 강아지 중성 수술 하다 때 돼다 검색 해보다 마이 펫 플러스 알 되어다 마침 집 도 꽤 가깝다 거리 있다 중성 진행 하다 수컷 그렇다 금방 끝나다 넥칼 별도 제 구매 하다 가다 마이 펫 플러스 구매 오다 하다 대충 수술 거나 불친절하다 것 없다 사실 제일 걱정 하다 부분 그거 이다 여기 구매 왓다 대충 해주다 원장 넘다 친절하다 수술 흉 걱정 깔끔하다 해주다 감사하다 요 근처 사시 견주 묘주 해 맑은 동물병원 추천 해드리다 저희 강아지 더 아프다 안되다 만약 병원 일 있다 여기 정착 하다 감사하다']
4,"['일단 친절하다 어리다 버리다', '', '것 모르다 고양이 중성 화하다 가면 수술 하다 얼마나 아프다 걱정 하다 일단 친절하다 대응 맘 놓이다 빠르다 날짜 가입 결제 다음 날 수술 하다 수술 전 친절하다 설명 수술 후 고양이 상태 등 설명 듣다 집 데리 오다 내다 두다 고양이 마취 풀리다 상태 혼자 비틀비틀 움직이다 아프다 데 없다 같다', '움직이다 두서 적다 하다 마루 수술 하다 하다 생각 드네 박', '마이 펫 플러스 통한 몽이 중성 수술 후기 후기 등록 지난주 마이 펫 플러스 통해 상품 구매 하다 마루 동물병원 예약 수술 날짜 잡다 처음 하다 수술 걱정 많다 선생님 친절하다 병원 깨끗하다 믿음 가다 몽 수술 자다 되어다 해당 부위 절개 하다 봉합 하다 좋다 수술 후 지나다 자다 먹다 자다 싸다 회복 빨 다행 다시 한번 감사 드리다 박', '중성 수술 후기 등록 지난주 마이 펫 플러스 통해 상품 구매 하다 마루 동물병원 예약 수술 날짜 잡다 처음 하다 수술 걱정 많다 선생님 친절하다 병원 깨끗하다 믿음 가다 몽 수술 자다 되어다 해당 부위 절개 하다 봉합 하다 좋다 수술 후 지나다 자다 먹다 자다 싸다 회복 빨 다행 다시 한번 감사 드리다 조', '정말 만족하다 오늘 중성 수술 하다 오다 여자아이 수술 정말 걱정 되어다 수술 전후 설명 자세하다 해주시 수술 부위 절개 최소 하다 하다 꼼꼼하다 수술 해주다 말씀 해주다 정말 마음 놓이다 감사하다 김', '친절하다 설명 하다 주시 수술 자다 된거 같다 고양이 수컷 중성 하다 수술 자다 되다 거 같다 자다 낫다 보살피다 하다 되다 것 같다 김', '냥 중성 수술 하다 냥 개월 정도 되다 수컷 이다 몸무게 오버 하다 추가 금 덥다 수술 하다 병원 조용하다 깔끔하다 필요하다 말 하다 수술 전날 금식 하다 하다 저 오후 수술 다행하다 충분하다 시간 주어지다 선택 사항 기본 녹다 아니다 일주일 뒤 한번 더 방문 하다 실밥 제거 하다 마취 깨어나다 첨 오줌 자다 가리다 틀 지나다 나니 좀 정신차리다 일주일 지나 본래 쾌활하다 냥 돌아오다 표', '점 주기도 싫다 소중하다 아이 라면 꼭 보다', '여기 정말 비추다 이다 우선 강아지 수컷 중성 유치 발치 송곳니 개 하다 예방접종 다한 하다 살 아이 이다 잔병치레 없다 슬개골 양쪽 건강하다 아이 수술 받다 난 뒤 제대로 걷다 하다 수술 들어가다 어떻다 상담 없다 그냥 시간 뒤 오라 말 하다 데리 들어가다 버리다 병원 워낙 깔끔하다 들다 친절하다 믿다 밥 먹다 시간 뒤 오다 아이 마취 깨지다 않다 체 그냥 코 박다 눕다', '마취 덜 깨다 거 생각 하다 그 이후 도 저 뭐 어떻다 하라 알다 없다 제 계속 하다 되다 지금 안다 데리 가면 되다 물어 아이 데리 집 오다 심지어 유치 발치 하다 제 병원 나오다 물어 봣 하다 제 서다 말씀 해주다', '그때 서다 애기 입 핏물 나오다 보이다 일단 거 먹이 되다 같다 이틀 내내 나가다 않다 아이 옆 붙다 생활 하다 아이 이틀 내내 눕다 혀 나오다 체 온몸 떨기 하다 일요일 집 근처 병원 데리 가다 전화 하다 중성 이틀 아프다 그렇다 있다 말 지켜보다 하다 월요일 아이 정신 차리다 앉다 돼다 되다 때 걷다 못 뒷다리 서기 하다 주저앉다 수술 여기 병원 전화 하다 척추 이상 있다 있다 말 무슨 살 짜다 리가 척추 무리다 뒷다리 증상 나오다 낙사 사고 있다 않다 이상 이렇다 일 없다 하자 병원 장님 갑자기 가지 오다 하다 물건 가지 다니다 가지 가다 아니다 데리 갈다 하다 전화 끊다 목요일 아이 데리 가다 도착 후 중성 실 녹다 물어보다 모르다 하는둥 아마 그 걸다 하다 둥 아이 체온 재다 도 나오다 감다 감기 주사 맞다 하다 아이 진통제 주사 하나 감기 주사 하나 방 맞다 주사 맞다 때 간호사 없다 무슨 애기 붙잡다 있다 시키다 감기 약 감기 주사 또 결제 하다 아프다 걷다 하다 일단 믿다 보다 생각 집 데려오다 곳 독하다 주사 미리 알다 독하다 주사 이다 아이 하루 종일 주사 맞다 곳 아프다 하다 걷다 못 옆구리 아프다 하루 종일 웅크리다 아이 보다 마음 아프다 미안하다 무슨 욕심 부리 자고 수술 하다 송곳니 유치 그대로 있다 수술 되다 아니다 다른 병원 척추 이상 있다 아니다 하다 다만 소중하다 아이 비슷하다 가격 라면 좀 더 좋다 환경 아프다 않다 바라다 마음 글 올리다 아이 지금 옆 웅크리다 잠들다 견디다 저 오다 앉다 습보 미안하다 고맙다']"
5,"['갑사 하다 견 묘 종 코카 스파 나이 살 몸무게 암수 암컷 거주지 시 구 서울시 강동구 밀크 중성 자다 해주다 감사하다 걱정 또 걱정 하다 원장 간호사 선생님 친절하다 설명 해주다 저희 강아지 비만 술시 걸리다 신경 써주다 감사하다 최', '고양이 중성 화하다 만족하다 병원 가다 별도 혈액 검사 추가 하다 스케일링 발치 하다 수술 당일 다음 날 계속 비 틀다 려 걱정 하다 이튿날 뛰어다니다 밥 먹다 스케일링 나니 치아 깨끗해지다 치주염 심하다 밥 먹다 때 반 흘리다 먹다 젠 밥 흘리다 먹다 다음주 실밥 뽑다 가다 감사하다 배', '중성 수술 살다 곳 강동구 쪽 고요 강아지 개월 되어다 중성 수술 해주다 주변 병원 알아보다 어플 있다 알 동물병원 검색 해보다 마침 가깝다 곳 마이 펫 등록 병원 있다 전화 수술 날짜 를 잡다 틀뒤 방문 하다 수술 진행 하다 우선 제 기준 말씀드리다 전 우선 쓸데없다 병원 추천 양제 등등 것 솔직하다 돈 들다 보다 여타 병원 비다 여기다 원하다 해주다 남자 아이 수술 비용 단돈 수술 받다 병원 채다 소규모 원장 친절하다 보조 해주다 분도 친절하다 마취 풀리다 진통제 놓다 넥칼 제공 해주다 약 재해 주다 집 대리 오다 뭐 아이 컨디션 따르다 다르다 하루 지난 지금 아가 건강하다 밥 먹다 컨디션 좋다 보이다 참고 넥칼 자채 아이 스트레스 되다 있다 시간 벗기다 어도 무방 거 같다 김', '저희 냥 수술 성공 마치다 저희 냥 수술 성공 자다 마치다 수술 부위 깔끔하다 걱정 하다 거 다르다 의사 선생님 친절하다 처음 마취 기 조금 남다 게 헤롱거리 게 마음 아프다 시간 지나 날 댕기 지금 하다 달 정도 지나다 건강하다 씩씩하다 자다 자라다 지금 초등학교 보내다 되다 쫑알거리다 마이 펫 플러스 감사하다 원장 감사하다 유', '집 강아지', '이제 서다 중성 화하다 어리다 생각 중성 해주다 있다', '기르다 암컷 덜컷 임신 하다 버리다 일단 수컷 중성 화하다 싶다 알아보다 가깝다 곳 여기 결정 하다 규모 작고 괜찮다 란 생각 들다 기다 하다', '설명 자다 해주시 어르신 구 녀석 이쁘다 해주다 좋다 수술 자다 돼다 하루 정도 기운 없다 지금 괜찮다 워낙 선비 구 느긋하다 성격 랔 수술 전후 솔직하다 크다 차이다 없다 밥 먹다 자다 놀다 자다 쉬 하다 이제 짐 하나 덜다 달 순이 몸 좀 괜찮다', '여기 중성 시키다 구 오', '중성 자다 마치 오다 저희 집 가깝다 동물병원 마이 펫 플러스 입점 하다 망설이다 않다 바로 사랑 동물병원 구매 하다 예약 하다 규모 조금 작다 병원 원장 나이스 하다 불다 수술 부위 깔끔하다 자다 봉합 해주다 이제 아물다 기다리다 있다 마이 펫 플러스 취지 좋다 들다 제 동참 것 같다 뿌듯하다 저희 루찌 이제 여기 병원 정착 하다 사실 가격 저렴하다 막상 사다 좀 걱정 하다 하다 취소 버튼 누르다 까맣다 도 고민 하다 병원 수술 하다 나오다 보다 차다 이 오히려 소비자 펫텍스 늘리다 생각 들다 저렴 수술 잘해주다 병원 있다 여태 우리 속 있다 앞 좋다 일 해주시 좋다 저희 루찌 수술 하다 주신 사랑 동물병원 원장 도 감사 드리다']"
6,"['자다 다니다 오다 자다 더녀 오다 수술 염증 그렇다 자다 아물다', '것 것 안내 해주시', '동물 등록', '동물 협회 지원기 안내 하다 주다', '저렴하다 가격 등록 하다 들어가다 터 줏대 감 고양이 마리 강아지 마리 있다 마이 펫 싸이트 고객 응대 하다 주시 분도 아주 친절하다 문', '자다 다녀오다 자다 더녀 오다 수술 염증 그렇다 자다 아물다', '것 것 안내 해주시', '동물 등록', '동물 협회 지원기 안내 하다 주다', '저렴하다 가격 등록 하다 들어가다 터 줏대 감 고양이 마리 강아지 마리 있다 마이 펫 싸이트 고객 응대 하다 주시 분도 아주 친절하다 문', '자다 다녀오다 자다 더녀 오다 수술 염증 그렇다 자다 아물다', '것 것 안내 해주시', '동물 등록', '동물 협회 지원기 안내 하다 주다', '저렴하다 가격 등록 하다 들어가다 터 줏대 감 고양이 마리 강아지 마리 있다 문', '자다 다녀오다 자다 더녀 오다 수술 염증 그렇다 자다 아물다', '것 것 안내 해주시', '동물 등록', '동물 협회 지원기 안내 하다 주다', '저렴하다 가격 등록 하다 들어가다 터 줏대 감 고양이 마리 강아지 마리 있다 배', '모모 중성 화하다 처음 구매 예약 전화하다 때 전화 받다 신분 병원 관계자 아니다 거 같다 어플 예약 뭔 모르다 하다 조금 말 안 통해 답답하다 신뢰 감 좀 떨어지다 구매 취소 하다 나 하다 망설이다 원장 진료 후 전화 주다 하다 차 차 원장 신지 모르다 남자 과 통화 결후 그다음 날로 바로 수술 예약 잡다 수술 불안하다 마음 사라지다 정도 깔끔하다 되어다 늦잠 자 버리다 시간 정도 늦다 착하다 죄송 한마음 저 때문 남자친구 대신 데리 병원 가다 친절하다 자다 해주다 하다 남자친구 좋다 병원 같다 하다 병원 근방 살다 다른 병원 다니다 있다 앞 쪽 다니다 하다 수술 되다 추가 요금 저렴하다 비용 케어 받다 같다 기분 좋다 케어 해주다 하다 감사하다 간김 동물 등록 하다 오다 수술 후 목 카라 구매 하다 되다 점 참고 해주다 욤 케어 무료 해주다 수술 부위 깔끔하다 실밥 처리 되어다 윤', '걱정 하다 수술 굉장하다 걱정 많다 저희 강아지 나이 좀 있다 펴다 진작 해주다 걸 왜 이제 서다 해주다 미안하다 나이 있다 보다 프리미엄 성화 수술 나이초 금액 내다 스케일링 진행 하다 자다 견디다 준 강아지 원장 도 감사하다 슴 드리다 싶다 박', '집 갱얼쥐 중성 수술 자다 마치다 집 미키 수술 잘해주다 오다 애가 좀 그거 떼다 시무룩하다 전화 드리다 정상인 것 하다 친절하다 진료 감사하다 마이 펫 플러스 감사 드리다 미키 사랑 하다 천', '건강하다 다행 용 고민 고민 다가 나중 아프다 중성 고통 나다 같다 보검 의견 들다 보다 채 결정 하다 나쁘다 않다 선택 이다 왜 태어나다 해보다 기회 주지 않다 자고 일어나다 있다 야하다 없다 울부짖다 않다 원망하다 않다 걱정 하다 겸허 받아들이다 후 하루 종일 잠 청 하다 리하나 안내 움직임 없다 모습 보고 마음 얼마나 하다 약 먹다 일어나다 밥 약 섭취 후 아무 활동 엄마 난 괜찮다 요 듯 쳐다보다 잠들다 그 하루 이다 다행하다 다음 날 언제 그렇다 듯 미치다 뛰어다니다 장남 감 던지다 대고 털 뭉치 나르다 다니다 평범하다 일상 돌아오다 일주일 목욕 금지 판정 받다 보검 산책 온 몸 내다 하다 아이 집 그 에너지 감당 하다 제 장난감 이다 그렇다 나가다 저 만족하다 내놓다 동안 몸무게 늘어서다 덕분 생각 치다 키 추가 요금 내다 금식 하다 동안 탈수 되어다 제 자다 물 챙기다 준 탓 추가 수액 요금 하하 저 맞다 수액 뭐 몸무게 늘다 들다 병원 다니다 제 팔 무리 가다 이참 반려견 유모차 마련 하다 아기 유모차 반려견 유모차 먼저 생기다 수술 한번 더 하다 병원 옆 집 사다 선생님 고생 하다 마취 전 짖다 대다 런 잠깐 온 통화 들리다 허다 거참 죄송스럽다 스술부위 염증 생기다 실밥 푸다 동안 보검 실례 하다 서로 걱정 하다 잡다 허다 허다 이번 중성 화하다 맡다 집 오다 보검 입양 하다 빈 지다 터 혼자 있다 그 잠깐 시간 동안 보다 혹 나하 걱정 근심 눈물 질 끄다 나다 주책 맞다 그 제 분리 불다 천', '건강하다 다행 용 아니다 반려견 마취 독 되다 정도 혹시 위험하다 상황 발생 다기 하다 김 하자 추가 스케일링 개월 안되다 보검 좋다 은 좋다 거 겠다 올해 저 하다 먼저 개운하다 시키다 인터넷 았 보다 다른 병원 비포 애프터 확 연하다 다르다 기대하다 탓 선생님 해주다 뭔가 생각 착색 되다 부분 남다 아쉽다 전체 누런부분 그렇다 안쪽 어금니 하다 크다 이빨 속도 그렇다 속 파이다 사람 그렇다 개도 그렇다 스케일링 하다 자다 닦이다 보다 남다 보다 제 손가락 손 더 희생 시키다 닦다 발톱 짜다 때 물리다 양치 정도 뭐 개껌 돼다 생각 물리다']"
7,"['개월 수컷 고양이 땅콩 제거 후기 집 고영희 워낙 뼈대 크다 등 치도 크다 땅콩 크다 떼껄룩님이셨는데', '정말 친절하다 또 수술 자다 해주다 집 인천 도 불구 후기 좋다 오다', '후회 없다 정말 친절하다 수술 어떻다 하다 세다 알다 집 고영희 외로워 하다 나중 작다 고영희 모시다 오다', '그 때 이 병원 찾다 것 같다 믿다 오다 여기 넘다 오 강', '암컷 중성 수술 하다 강아지 늦다 데려오다 살 지인 소개 중성 수술 저렴하다 하다 곳 알다 마이 펫 플러스 통해 참사 동물병원 하다 나이 있다 보다 추가 비용 들다', '다른 병원 서다 하다 들다 병원 깔끔하다 간호사 친절하다 무엇 의사 선생님 인상 좋다 친절하다 설명 해주다 초보 집사 저 안심 시키다', '무사하다 수술 자다 하다 미용 해주시', '좋다 품질 사료 등등 강아지', '고양이 필요하다 물건 있다 좋다 앞 미용 도하 중간 중간 강아지 검진 받다 참사 동물병원 이용 하다 감사하다 김', '반려 묘 중성 하다 첫 병원 방문 떨리다 후기 가장 좋다 참사 동물병원 수술 자다 마치다 항 상제 주사 선택 하다 처음 사상충 항체 검사 겸 하다 원장 친절하다 병원 깨끗하다 깔끔하다 땅콩 제거 일주일 뒤 실밥 제거 자다 마치다 감사하다 박', '감사하다 수컷 반려견 복강 내 잠복 고환 수술 하다 복강 수술 상처 부위 커서 힘들다 걱정 하다 정말 최소한 절개 수술 잘해주다 감사 드리다 원장 차분하다 성격 꼼꼼하다 친절하다 정말 믿음 가다 병원 이다 처음 원래 반려 묘 숫컷 성화 원장 꼭 받다 싶다 낙 까다롭다 케이스 그때 하다 정말 아쉽다 다음 고양이 암컷 중성 화하다 다시 내 원하다 감사하다 이', '망고 성화 수술 유기견 작년 사상충 치료 후 지난 후 중성 수술 하다 후기 보고 믿다 가다 여전하다 의사 샘 간호사 친절하다 수술 되다 어제 실밥 풀 예방 접종 하다 오다 병원 깨끗하다 만족하다 감사하다 오', '깨끗하다 친절하다 만족스럽다 병원 마이 펫 플러스 알 돼다 우리동네 제휴 병원 없다 가게 되다 곳 크다 병원 아니다 아담하다 깨끗하다 아가 쉬 냄새 안나 좋다 의사 쌤 간호사 쌤 모두 친절하다 수술 돼다 아이 집 오다 편 해보다 감사하다 여기 병원 옮기다 이', '참사 동물병원 알 되어다 좋다 후기 등록 좀 늦다 반려견 이틀 이의 중성 수술 개월 되다 아이 이제 서다 중성 수술 해주다 늦 은감 있다 마이펫 통해 집 가깝다 참사 동물병원 알 되어다 감사하다 오전 구매 그날 바로 수술 가능하다 병원 찾다 마취 하다 정도 소요 되다 하다 찾다 오라 친절하다 간호사 쌤 의사 쌤 감사하다 번창 하다 또 찾다 뵈다 정', '사이트 후기 예전 남기다 블로그 글 최근 올리다 마이 펫 흥해랏 차', '아가 땅콩 떼다 상남자 중성 되어다 버리다 땅콩 안녕 꼼꼼하다 친절하다 자다 해주다 감사하다 자상하다 것 같다 저렴하다 받다 수 있다 사이트 만들다 준 마이 펫 플러스 감사하다 마이 펫 플러스 안녕하다 마이 펫 플러스 이다 마이 펫 플러스 후기 이벤트 참가 방법', '블로그', '카페', '커뮤니티 등 이용 업체 대한 솔직 후기 작성 마이 펫 플러스 로그인 이용 상품 구매 평 간단하다 후기 해당 남다 익월 이후 당첨 글 내 이름 확인 하다 당첨 주의 사항 등 후기 글 남다 때', '마이 펫 플러스 를 통한 임 꼭 밝히다 것 저희 마이 펫 플러스 동물병원 비용 부담스럽다 제때 치료받다 못 방치 되다 유기 되다 동물 숫자 줄이다 보다 취지 운영 되다 있다 대다수 동물병원 지방 쪽 이 할인 되다 비용 공개 하다 꺼리다', '마이 펫 플러스 입점 자체 거부 있다 마이 펫 플러스 더욱 힘내다 하다 수 있다 보호자 응원 힘 보태 줄다 저희 마이 펫 플러스 위 보호자 응원 필요하다', '마이 펫 플러스 역할 바가지 요금 걱정 동물병원 별 합리 저렴하다 가격 비교 가능 연륜 경험 풍부하다 장님 입점 비용 낮다', '의료 퀄리티 높다 수술 프로세스 투명 공개 전 프로세스 사전 확인 가능 서울시 수의사 협회', '마이 펫 플러스 제휴 병원 탈퇴 협박 공문 관련 기사 동물병원 비용 합리 기준', '유기견 유기묘 예방 기초 만들다 가다 반려동물 전문 소셜 마이 펫 플러스 반려 인과 반려동물 권리 지키다 가다 정', '토이 푸다 들다 암컷', '살 중성 수술 하다 의사 선생님 친절하다 설명 자다 해주시', '착하다 가격 수술 자다 해주다 감사하다 수술 한지 주 지나다 이번 주 화요일 실밥 풀다 수술 부위 자다 아문 것 같다 강아지 회복 빠르다 건지다 수술 다음 날 점차 다시 활발해지다 참고 암컷 수술 받다 때 수면 마취 추가 비용 들다', '넥카 챙기다 구매 하다 않다 돼다 위생 미용 자다 해주다 만족스럽다 습 니당다 이', '중성 수술 우리 망고 수술 첫날 잠깐 힘들다 하다 집 오다 안정 찾다 지금 밥 먹다 약도 먹다 자다 지내다 있다 중성 수술 비용 걱정 하다 마이 펫 플러스 통해 저렴하다 비용 무사하다 자다 맞다 치다 감사 드리다 이', '수술 하다', '건강하다 자다 회복하다 감사 드리다 전화 응대 친절하다', '수술 자국 깔끔하다 자다 아물다 좋다 집 근처 마이 펫 플러스 협력 병원 있다 좋다 감사하다 이', '아이 동시 중성 하다 회복 빨 벌써 기운 넘치다 오늘 애기 꼼꼼하다 챙기다 감사하다 애 병원 무섭다 해주다 같다 다음 번 또 여기 남다 애 중성 하다 예정 이다 주변 적극 추천 하다 해 이', '두번째 중성 하다 아빠 강아지 다음 큰아들 중성 하다 무사하다 자다 마치다 처치 꼼꼼하다 친절하다 설명 해주다 감사하다 마이 펫 플러스 안녕하다 반값 동물병원 실현 유기견 유기묘 예방 기초 만들다 마이 펫 플러스 이다 후기 정보 공유 감사 드리다 온라인 커뮤니티 블로그 등 후기 공유 해주다 때 저희 마이 펫 플러스 상품 구매 방법 쿠폰 병원 등 좀더 구체 작성 해주다 후기 상품 더 좋아지다 감사하다 국내 최초 반려동물 전문 소셜 마이 펫 플러스 반려 인과 반려동물 권리 지키다 가다 유', '실밥 푼 꽤 되다 자다 아물다 원장 감사하다 아물다 자다 뛰어다니다 상처 자다 아물다 최', '원장 감사하다 수술 한지 꽤 지나다 후기 작성 하다 하다 인스타 작성 하다 글 남기다 원장 덕 아이 좋아지다 저번 막 울다 청 기억 하다 모르다 감사하다 아이 정말 좋아지다 인스타 김', '아주 만족하다 선생님 친절하다', '설명 자세하다 해주시 회복 빠르다 수술 깔끔하다 된거 같다 굉장하다 마음 듭니 항상 이용 하다 곳 앞 꾸준하다 이용 하다 같다 블로그 후기 남기다 이', '수술 후기 깜빡 하다 부견 시작 곧 아들내미 셋 딸 하나 모견 수술 예정 앞 자다 부탁드리다 이', '아주 자다 지내다 있다 어리다 적 골절 수술 미루다 살 넘어서다 하다 되다 중성 수술 걱정 많다 완전 자다 끝나다 상처 깔끔하다 아물다 발톱 혈관 기다 다듬다 달라 하다 적당하다 길이 자다 해주시 설명 친절하다 수술 무사하다 끝나다 실밥 제거 포함 아주 좋다 둥이 마리나 더 하다 되다 여기 하다 유', '감사하다 홍보 하다 고다 냥 페이스북 페이스북 비공개 그룹 오 유', '오늘 중성 수술 하다 왓 오늘 새벽 쿠폰 결제 낮 바로 가다 하다 일단 간호사 원장 들다 정말 친절하다 분 별다르다 설명 없다 아쉽다 하다 저 설명 자다 해주다 좋다 마취 덜 풀리다 애기 한쪽 눈 풀다 잇다 그렇다 걱정 하다 되다 같다 자마자 밥 찾다 저 삐지다 오다 알다 원래 껌 딱지 그렇다 집 자마자 뽀뽀 세례 거리 것 마냥 울면 부비적대다 추가 비용 들다 없다 늘다 아이 일전 설사 하다 바람 걱정 되다 원장 말씀드리다 항생제 말씀 하다 맞추다 내복약 먹이 않다 항생제 맞추다 괜찮다 하다 추가 들다 이건 가원 하다 해달라다 거 수술 부위 보지 하다 좋다 거 같다 고양이 중성 화가 처음 모든 걱정 되다 두렵다 사실 비용 비용 한번 하다 해도 부담 감 없다 않다 있다 마이 펫 플러스 보고 진짜 저렴하다 가격 우리 아이 중성 무사하다 마치다 수 있다 좋다 여기 리뷰 글 하나 하나 세다 읽다 보고 가다 하다 진짜 좋다 아이 얼른 회복하다 자다 뛰다 댕 기다 좋다 알다 동생 친구 도 추천 하다 고다 냥 인스타 올리다 많다 사람 알 병원 찾아가다 좋다 오늘 정말 고생 하다 원장 감사하다 신', '살 남자 강아지 개월 여자 강아지 중성 스케일링 발치 후기 살 수컷 강아지 의 늦다 중성 스케일링', '빠지다 난 유치 걔 발치 하다 개월 암컷 강아지 중성 개 유치 발치 하다 짝 지다 늦다 데려오다 암컷 강아지 작다 발정 난리 크다 생리 힘들다 짝 아이 중성 화하다 결정 원래 다니다 집 근처 병원 중성 문의 하다 여자 강아지 중성 알 되다 마이 펫 플러스 당일 수술 되다 문의 드리다 참사 추천 해주다 당일 예약 수술 하다 후기 글 개 있다 마이 펫 관계자 분 친절하다 수술실 뛰어나다 하다 게다가 가격 합리 여서 바로 결정 하다 저 인천 거주 차 타고 갈수 있다 거리 그리다 멀다 않다 하다 좋다 수술 후 힘들다 남자 강아지 추후 처리 추가 비용 하다 주시 의사 선생님 친절하다 더더 좋다 실밥 풀다 오라 하다 담다 가다 자다 아물다 좋다 정', '반려 묘 중성 수술 후기 마이 펫 플러스 집 주변 동물병원 등록 되다 않다 최대한 가깝다 쪽 예약 갓 늘다 처음 방문 도 간호사 착하다 원장 상담 수술 후 개인 전화 바로 연락 주다 아이 상태 말씀 해주다 감사하다 혹시 애기 마취 깨다 아프다 걱정 하다 원장 수술 시력 덕분 격변 없다 넥 카라 쓰다 다다 경이 앞 뒤 실밥 제거 하다 솔직하다 가격 케어 친절 더하다 나위 자다 이용 것 같다 기분 좋다 용 류', '중성 자다 되어다 나르다 댕겨 스켈링 꼼꼼하다 되어다 집 냥 발정 때문 이제 부 짓다 않다 되다 생각 하다 홀가분하다 저 잠 자다 냥 이제 스트레스 받다 진즉 하다 걸 그렇다 밥 두 배 흡입 천장 메달 리 아주 건강하다 상태 이다 이', '오늘 중성 수술 하다 수술 수액 맞다 하다 정도 걸리다 은 마취 때문 좀 비틀비틀 거리 기다 지켜보다 하다 같다 넥카라 있다 불쌍하다 힝 수술 자다 아물다 좋다 수술 끝나다 원장 직접 전화 주시', '혹시 일주일 사이 수술 부위 이상 있다 바로 연락 오라 친절하다 상담 해주다 완쾌 하다 쿠로 임', '아주 자다 돼다 이렇다 가격 내복약 받다 감사하다 덕분 우리 강아지 무사하다 중성 수술 마무리 돼다 아주 돼다 같다 좋다 신', '여자아이 중성 마이 펫 플러스 보고 다녀오다 집 거리 이렇다 착하다 병원 있다 게 감사하다 작다 포메 이다 동물 등록 검진 꼼꼼하다 해주다 수술 자다 끝나다 제 깜빡 눈물 자국 정리 부탁 드리다 아쉽다 마취 금방 풀리다 집 자마자 배변 패드 소변 누 방석 위 편하다 쉬 있다 약 써다 안 먹다 섞다 먹이 센스 있다 캔 선물 주다 감사하다 참사 동물병원 진짜 추천 하다 원', '중성 수술 스케일링 하다 엄살 심하다 낯 가다 걱정 하다 친절하다 자다 응대 해주다 감사하다 수술 자다 된거 같다 산책 자주 다니다 구충제 심장 사상충 약도 추가 결제 하다 복용 시키다 먹다 다행 스케일링 구석구석 되다 같다 치아 아주 뽀얘지다 감사하다 신', '정말 중성 수술 해주다 감사 드리다 원장 수술 돼다 발사 다른 병원 하다', '원장 수술 정말 되어다 하다 친절하다', '청아 보다 감사하다 수술 해주다 감사 또 감사하다 힘내다 마이 펫 플러스 힘내다 병원 비 저렴하다 수술 하다 있다 해주다 감사 드리다 이', '최고 친절 아이 반갑다 맞다 아이 좋아하다 아이 병원 다녀오다 며칠 후유증 있다 수술 정말 고민 하다 수술 깨끗하다 아이 룰후 금방 까불다 놓다 다음 또 갈다 이', '실력 가격 매우 만족 면 좋다 권장 하다 드리다 데 넘다 과 하다 받다', '친구 고맙다 친구 추천 좋다 병원 하다 수술 받다 가격 정말 좋다 친구 고맙다 탕', '앞 무조건 여기 가격 저렴 조금 걱정 하다 오히려 꼼꼼하다 친절하다 병원 굳다 굳다 김', '우리 빵 중성 수술 하다 마펫 추천 받다 간 곳 알 보다 목동 살다 친구 단골 병원 덥다 이번 병원 리뉴얼 하다 런가 깨끗하다 인테리어 맘 들다 우리 빵 아프다 걱정 많다 원장 친절하다 응대 해주다 실장 맛있다 간식 주시 넘다 넘다 감사하다 앞 쭈욱 단골 하다 조', '암컷 고양이 중성 수술 받다 가격 원장 친절하다 간식 챙기다 저희 아가 덧 거 하나 밥 먹다 물 먹다 간식 먹다 있다 감사하다 봉', '왜 이제 알다 비용 고민 하다 차다 부담 해결 하다 남다 돈 봉봉 간식 사주다 원장 친절하다 좋다 차 타고 투자 보람 있다 코', '깨끗하다 깔끔하다 병원 맘 들다 깔끔하다 원장 선생님 막 개원 하다 건가 하다 불안하다 병원 리뉴얼 거 원장 수술 경력 많다 것 같다 저희 애도 수술 넘다 되다 다행 이구 홍', '굿굿 의사 선생님 친절하다 처음 가다 병원 비다 가격 저렴하다 질 떨어지다 않다 집 가까웟다 더 저희 복덩이 평생 병원 되다 곳 또', '쵝오 티비 보고 아이 중성 고민 하다 알 조니 가격 청차 별 고민 하다 동호 카페 추천 글 보고 사용 아이 먹다 놀다 세이브 돈 겨울 옷 사주다 신', '중성 하다 오다 고양이 수컷 중성 하다 걱정 하다 아침 바로 예약 그날 가다 수술 하다 별다르다 설명 없다 아쉽다 넥카라 내복약 대신 주사 대체 하다 포함 하다 추가 결제 하다 들다 친절 하다 같다 아이 수술 되다 자다 암컷 아기 들다 낳다 나다 중성 하다 갈다 이', '수컷 고양이 중성 수술 일부러 후기 보고 평이 좋다 멀리 가다 일단 수술 자다 된거 같다 더 지켜보다 되다 야옹이 마취 자다 깨다 자다 돌다 댕 기구 위생 미용 검사 포함 써다 있다 검사 하다 수술 해 주다 검사 결과 던지다 검사 해주시 걸 확인 하다 건 없다 좀 그렇다 위생 미용 배쪽 조금 밉다 전부 귀 발 이렇다 건 하나 해주다 후기 좋다 가다 저희 애기 한텐 신경 써주다 같다 않다 친절하다 좋다 같다 돈 주다 구매 하다 어떻다 애기 해주다 어떻다 애기 안 해주다 지금 서다 보 더 그렇다 여 수술 자다 해주다 감사하다 신', '결과 깔끔하다 나다 제목 그대로 결과 지금 자다 아물다 혈뇨 이상 지속 되다 복부 전체 피멍 들다 주변 반려 인분 멍 심하다 들다 자기 아이 멍 들다 해도 수술 부위 주변 살짝 들다 손톱 크기 정도 멍 이다 저희 아이 심하다 그렇다 혈뇨 삼일 정도 지속 되다 수의사 선생님 방광 쪽 출혈 수도 있다 그렇다 결과 지금 아물다 나다 마음 졸이다 수술 후 이다 습 니당다 병원 살짝 작 깔끔하다 친절하다 선생님 자다 설명 해주시 질문 대답 해주다 주차공간 있다 김', '중성 수술 하다 수컷 중성 화하다 그냥']"
8,"['강아지 입양 건강검진', '중성 수술 의사 선생님 정말 친절하다 강아지 건강검진 하다 부분 부분 대한 설명 정말 꼼꼼하다 해주다 모르다 부분 아이 기침 콧물 증상 있다 그 대해 서도 충분하다 자세하다 설명 해주다 더욱 안심 되다 수 있다 그리다 중성 수술 진행 하다 정말 빠르다 가다 수술 해주다 감사 드리다 앞 아이 아프다 건강검진 필요하다 때 예방접종 맞다 때 등등 종종 방문 하다 예정 이다 장', '중성 후기 며칠 전 예약 하다 수술 자다 받다 오다 애가 나이 좀 있다 걱정 하다 샘 굉장하다 꼼꼼하다 친절하다 수술 결과 좋다 아이 이제 기력 차리다 밥 먹다 놓다 또 필요하다 연락 드리다 감사하다 김', '스케일링 발치 오늘 스케일링 발치 받다 오다 선생님 친절하다 좋다 용 검사 설명 자세하다 자다 해주시 우리 강아지 발치 스케일링 되어다 다음 스케일링 받다 가다 마이 펫 플러스 안녕하다 합리 동물병원 비용 기준 유기견 유기묘 예방 기초 만들다 마이 펫 플러스 이다 마이 펫 플러스 이용 하다 결과 만족하다 저희 마이 펫 플러스 운영 하다 보람 느끼다 있다 더욱 기쁘다 후기 글 작성 시 선물 증정 분 드림 이용 하다 업체 대한 후기 글 나 블로그 카페 커뮤니티 등 정보 공유 해주시 해당 글 대한 간단하다 평 마펫 이용 하다 업체 상품 평 후기 남기다 선물 보내다 드리다 저희 마이 펫 플러스 동물병원 비용 부담 제때 치료받다 못 방치 되다 유기 되다 동물 숫자 줄이다 보다 취지 운영 되다 있다 은 많다 동물병원 가격 공개 가격 인하 대해 거부 감 많다 병원 제휴 어려움 있다 나 지방 쪽 병원 협조 쉬다 않다 제휴 더디다 있다 마이 펫 플러스 더 노력 하다 있다 보호자 응원 힘 보태 시기 바라다 마이 펫 플러스 이용 방법 상품 구매 후 상품 인증 번호 병원 전화번호 문자 확인', '전화 예약 필수 평일 최소 원 전', '주말 주전 만약 수술 불가 및 단순 변심 상품 구매 문의 환불 청주시 환불 가능하다 병원 상품 함 수술 비용 마이 펫 플러스 구매 하다 때 특별하다 사항 없다 추가 비용 이용 가능하다 금액 이다 수술 부위 다르다 검사 및 상담 후 수술 보류', '추가 처치 및 검사', '처방 일수 등 추가 사항 있다 경우 비용 별도 발생 하다 있다 보호자 동의 진행 되다 마이 펫 플러스 있다 가능하다 합리 저렴하다 동물병원 가격 비교 구매 병원 예약 후 이용 연륜 경험 풍부하다 원장 진료 가격 낮다 의료 퀄리티 높아지다 바가지 요금 걱정 투명하다 수술 프로세스 사전 확인 비교 수술 비 저렴하다 수술 대충 해주다 저가 재료 쓰다 않다 병원 결제 마이 펫 플러스 구매 해주다 때 마이 펫 플러스 사이트 유지 되다 있다 유', '고양이 중성 수술 끝내다 후기 좀 늦다 남다 고양이 중성 수술 주 전 받다 꼼꼼하다 자다 보다 애기 수술 자다 끝내다 중성 수술 처음 걱정 하다 심하다 감사하다 정', '중성 수술 강아지 중성 수술 하다 수술 봉합 처치 돼다 수술 빨 좋다 마리 몸무게 좀 있다 친구 추가 하다 구매 하다 전체 저렴하다 편이 만족스럽다 애 회복 좋다 다음 이용 싶다 이', '좋다 살', '살 마리 중성 수술 빠르다 자다 끝내다 마리 중성 화랑 스케일링 해주다 아주 뽀송뽀송하다 좋다 살 아이 몸무게 좀 나가다 걱정 이다 수의사 쌤 해주다 만족하다 감사하다 진', '중성 수술 자다 끝내다 아가 잠복 고환 생기다 중성 수술 수술 해주다 다행하다 수술 자다 끝내다 후 처치 깔끔하다 좋다 중성 수술 해주다 이제 아가 건강하다 자다 자라다 저렴하다 가격 자다 이용 하다 김', '굿굿 좋다 중성 수술 해주다 김 스케일링 해주다 입냄새 없어지다 아주 굿굿 좋다 검사 해주다 수의사 쌤 유쾌하다 좋다 딸 내다 중성 수술 해주다 원장 쌤 부탁드리다 김', '수술 후기 중성 수술 자다 끝내다 여 개다 해주다 고민 하다 일찍 해주다 게 애기 건강하다 크다 수 있다 하다 중성 수술 해주다 여 수술 결과 좋다 원장 선생님 꼼꼼하다 좋다 정', '중성 수술 하다 영 푸다 들다 마리 중성 수술 해주다 후 처지 깔끔하다 수술 끝나다 만족하다 원장 쌤 쿠키 미미 기억 하다 덕분 배꼽 탈장 있다 미미 건강하다 감사하다']"
9,"['암컷 이중성 우리 집요정 중성 후기 급하다 중성 알아보다 중 공휴일 수술 가능 병원 없다 기병 유일 연중 무 휴고 또 가격 제일 저렴하다 가격 보고 결정 하다 아니다 같다 병원 대해 검색 하다 보다 인터넷 블로그 중성 여러 진료 후기 올라오다 보고 결정 하다 하다 같다 간호사 친절하다 원장 수술 진행 내용 자세하다 설명 해주다 수술 걱정 하다 수술 되다 같다 집 데려오다 밥 달라 막 먹다 상처 자다 아물다 원장 수술 해주다 감사하다', '유병재 냥 하다 병원 중성 후기 우리 냥 들다 중성 시기 오다 알아보다 중 홍대 아이엠 동물병원 오다 들다 말씀 하다 원래 유명하다 병원 요 저 사실 이번 마펫 검색 다가 처음 알다 냥 들이다 건강하다 병원 자주 다니다 제 유병재 팬 블로그 찾아보다 보다 유병재 냥 여기 중성 하다 엄청나다 애묘 이신 우리 병재 믿다 바로 예약 진행 하다 습 결과 만족 군더더기 없다 진행 깔끔하다 수술 부도 진짜 작다 제 좀 소심하다 처음 온 병원 좀 심하다 사실 수술 케이스 정말 많다 느낌 받다 여기 절개 유명하다 자궁 상태 따르다 달라지다 있다 하다 그게 맞다 병원 무리하다 따르다 난소 자궁 제대로 빠져나오다 사태 종종 있다 하다 무 봉합 가능하다 실밥 더 안전하다 걸 추천 하다 수술 끝나다 수술 전과 똑같다 울 냥 들다 상태 보고 놀라다 유병재 적분 선택 게 사실 홍대 아이엠 오다 하다 같다 지다', '명불허전 아이엠 동물병원 수술 후기 소문 듣다 멀리 차 타고 찾아오다 터 주차 중요하다 주차장 넓다 편하다 일단 좋다 수술 끝나다 데리다 시간 차다 놓다 홍대 근처 자다 구경 하다 너저분하다 병원 넘다 많다 동물병원 인지 한번 보이다 털 수 없다 전체 병원 깔끔하다 넘다 마음 들다 관리 신경 써다 하다 병원 첫인상 받다 연예인 다니다 해 제 간날 보다 요 절대 건아 니지 유명하다 연예인 다니다 뭔가 신뢰 더 가게 되다 무엇 제 성형 외과 자주 다니다 경험 때문 병원 선택 하다 때 제일 중요하다 보다 원장 선생님 출신 경력 홈페이지 보다 뭔가 알다 힘드다 대단하다 보이다 경력 많다 의사 쌤 건국대 출신 데 건대 수의 대가 나라 쫌많 유명하다 제 짧다 지식 수의 건대 서울대 투톱 들다 전보 살이 찌 신다 해 제 방문 날 예약 좀 많다 뭔가 빠르다 진행 되다 느낌 받다 막상 차례 되다 설명 같다 자상하다 해주다 수술 많다 되다 병원 거 겠다 무사하다 수술 끝내다 대다 만족하다 후기 남다 없다 명불허전 인정 하다']"
10,"['꼭 가세 좋다 이번 고향 있다 강아지 데리 오다 되어다 중성 시키다 예약 하다 수술 하다', '진짜 대다 만족 이다 고향 있다 때 항상 병원 제 데리 가다 갈다 때 항상 피부 연고 하나 받다 비용 들다 하다 병원 데리 가기 부담스럽다 좋다 곳 알 되어다 수의사 선생님 좋다 중성 뿐 아니다 애기 발톱 부러지다 피부병 있다 하루 입원 시키다 전부 치료 부탁드리다 입원 하다 수액 치료 진행 하다 그렇다 수술 후 애기 아주 활발하다 힘들다 하다 않다 넥카 세심 하다 빠지다 않다 처치 잘해주다', '미용 이쁘다 해주다 자다 회복하다 있다 자다 놀다 금액 서비스 처리 만족 앞 조금 거리 있다 꼭 곳 다니다 김', '좋다 선생님 친절하다 다방면 걱정 해주 사고 안심 시키다 오늘 수컷 고양이 중성 오다 실밥 깔끔하다 위생 미용 깔끔하다 잘해주다 감사하다 수술 돼다 확인 시키다 아이 건강하다 회복 한시름 덜다 넥 카라 수술 부위 닿다 걱정 하다 다행하다 몇번 얼굴 가다 대다 택 없다 포기 하다 실밥 꼼꼼하다 묶다 잘만 아물다 중성 깔끔하다 끝나다 것 같다 달 정도 후 이다 여기 중성 화하다 바로 쿠폰 또 사다']"
11,"['좋다 착하다 가격 좋다 선생님 만나다 애기 중성 수술 하다 잠복 고환 걱정 하다 수술 금방 끝나다 수술 부위 깔끔하다 실밥 없다 일주일 넥카 하다 풀다 하다 다른 부분 꼼꼼하다 신경 써주다 오늘 주사 맞다 오다 근처 병원 어디 갈다 고민 하다 마이 펫 플러스 보고 좋다 병원 알다 만족스럽다 이', '중성 후기 살 정도 암컷 중성 하다 거 나이 있다 평소 조금 약하다 아이 걱정 하다 지금 주정 지나다 별 탈 수술 자다 되다 데 중성 해봤다 거기 비교 하다 절개 부위 크다 않다 좋다 박', '후기 수술 자다 받다 친절하다 좋다 김', '중성 자다 돼다 중성 시키다 것 것 알아보다 도중', '저희 아이 피하 잠복 고환 걸 알 돼다 우선 발사 없다 제일 좋다 병원 깔끔하다 느낌 맘 들다 마이 펫 플러스 안녕하다 합리 동물병원 비용 기준 유기견 유기묘 예방 기초 만들다 마이 펫 플러스 이다 앞 마이 펫 플러스 응원 해주다 바라다 마이 펫 플러스 이용 하다 후 후기 글 작성 시 선물 증정 분 드림 이용 하다 업체 대한 후기 글 나 블로그 카페 커뮤니티 등 정보 공유 해주시', '해당 글 간단하다 평 마펫 이용 하다 업체 상품 평 후기 남기다 선물 보내다 드리다 저희 마이 펫 플러스 동물병원 비용 부담 제때 치료받다 못 방치 되다 유기 되다 동물 숫자 줄이다 보다 취지 운영 되다 있다 은 많다 동물병원 가격 공개 가격 인하 대해 거부 감 많다 병원 제휴 어려움 있다 나 지방 쪽 병원 협조 쉬다 않다 제휴 더디다 있다 마이 펫 플러스 더 노력 하다 수 있다 보호자 응원 힘 보태 시기 바라다', '마이 펫 플러스 이용 방법 상품 구매 후 상품 인증 번호 병원 전화번호 문자 확인', '전화 예약 필수 평일 최소 원 전', '주말 주전 만약 수술 불가 및 단순 변심 상품 구매 문의 환불 청주시 환불 가능하다 병원 상품 함 수술 비용 마이 펫 플러스 구매 하다 때 특별하다 사항 없다 추가 비용 이용 가능하다 금액 이다 수술 부위 다르다 검사 및 상담 후 수술 보류', '추가 처치 및 검사', '처방 일수 등 추가 사항 있다 경우 비용 별도 발생 하다 있다 보호자 동의 진행 되다 마이 펫 플러스 있다 가능하다 합리 저렴하다 동물병원 가격 비교 구매 병원 예약 후 이용 연륜 경험 풍부하다 원장 진료 가격 낮다 의료 퀄리티 높아지다 바가지 요금 걱정 투명하다 수술 프로세스 사전 확인 비교 수술 비 저렴하다 수술 대충 해주다 저가 재료 쓰다 않다 병원 결제 마이 펫 플러스 구매 해주다 때 마이 펫 플러스 사이트 유지 되다 수 있다 박', '친절하다 절개 부위 정말 작고 깔끔하다 후 처치 해주다 친절하다 좋다 아이 마취 깨다 밥 자다 먹다 건강하다 보이다 감사하다 마이 펫 플러스 안녕하다 합리 동물병원 비용 기준 유기견 유기묘 예방 기초 만들다 마이 펫 플러스 이다 앞 마이 펫 플러스 응원 해주다 바라다 마이 펫 플러스 이용 하다 후 후기 글 작성 시 선물 증정 분 드림 이용 하다 업체 대한 후기 글 나 블로그 카페 커뮤니티 등 정보 공유 해주시', '해당 글 간단하다 평 마펫 이용 하다 업체 상품 평 후기 남기다 선물 보내다 드리다 저희 마이 펫 플러스 동물병원 비용 부담 제때 치료받다 못 방치 되다 유기 되다 동물 숫자 줄이다 보다 취지 운영 되다 있다 은 많다 동물병원 가격 공개 가격 인하 대해 거부 감 많다 병원 제휴 어려움 있다 나 지방 쪽 병원 협조 쉬다 않다 제휴 더디다 있다 마이 펫 플러스 더 노력 하다 수 있다 보호자 응원 힘 보태 시기 바라다', '마이 펫 플러스 이용 방법 상품 구매 후 상품 인증 번호 병원 전화번호 문자 확인', '전화 예약 필수 평일 최소 원 전', '주말 주전 만약 수술 불가 및 단순 변심 상품 구매 문의 환불 청주시 환불 가능하다 병원 상품 함 수술 비용 마이 펫 플러스 구매 하다 때 특별하다 사항 없다 추가 비용 이용 가능하다 금액 이다 수술 부위 다르다 검사 및 상담 후 수술 보류', '추가 처치 및 검사', '처방 일수 등 추가 사항 있다 경우 비용 별도 발생 하다 있다 보호자 동의 진행 되다 마이 펫 플러스 있다 가능하다 합리 저렴하다 동물병원 가격 비교 구매 병원 예약 후 이용 연륜 경험 풍부하다 원장 진료 가격 낮다 의료 퀄리티 높아지다 바가지 요금 걱정 투명하다 수술 프로세스 사전 확인 비교 수술 비 저렴하다 수술 대충 해주다 저가 재료 쓰다 않다 병원 결제 마이 펫 플러스 구매 해주다 때 마이 펫 플러스 사이트 유지 되다 수 있다 끄다', '가격 때문 망설이다 이용 하다 친절하다 후 처치 깔끔하다 해주다 동네 병원 저렴하다 가격 살짝 망설이다 기도 하다 마이 펫 플러스 결제 후 원장 상담 후 가격 저렴하다 홀 대하 시지 않다 더 해주다 적다 비용 이용 시기 꺼리다 분 조그마하다 선택 도움 되다 글 적다 보다 수술 후 깨 발랄하다 노 아이 보고 정말 수술 해주다 가격 저렴하다 병원 더 많다 보호자 이용 하다 하다 감사하다 장', '수술 자다 받다 암컷 동네 병원 수술 비 비싸다 부르다 시키다 말 하다 비용 말 안되다 비싸다 불다 버리다 시키다 엄두 안 나다 제 학생 마이 펫 플러스 알 되어다 진짜 운 좋다 저희 지역 병원 있다 병원 부르다 값 반 수술 시키다 주다 가격 저렴하다 병원 친절하다 진짜 감사하다 전', '친절하다 원장 간호사 선생님 친절하다 수술 금방 끝나다 수술 부위 크다 않다 그렇다 금방 아물다 좋다 감사하다 이', '자다 돼다 후 처치 발사 필요 없다 편하다 같다 수술 자다 돼다 임', '절개 부위 크다 않다 정말 좋다 거 같다 첫째 암컷 다른 병원 하다 그때 애가 엄살 많다 인지 아니다 수술 하다 건 상당 기간 동안 고생 많다 저희 둘째 마이 펫 플러스 좋다 동물병원 수술 진행 하다 결과 좋다 비용 저렴하다 좋다 얘 빨빨 거리 면서 자다 다니다 감사하다 하다', '좋다 크다 애 어리다 때 미시 켜다 우리 둘째 수술 시키다 주다 정말 절개 부위 작다 애가 아프다 않다 같다 안', '좋다 시설 상당하다 깔끔하다 최소 절개 그렇다 덜 아프다 같다 우리 첫째 다른 곳 예전 하다 선생님 친절하다 가격 다른 곳 비다 넘다 넘다 저렴하다']"
12,"['자다 받다 씨 없다 왕자 되어다 수술 검사 받다 마취 나다 금방 끝나다 원장 해주다 같다 약도 먹이다 고민 햇던 중성 화가 무색 하다 끝내다 감사하다 신', '우리 고양이 수술 하다 오다 제 가다 날 좀 어수선하다 느끼다', '선생님 친절하다 수술 돼다 호흡 마취 하다 확실하다 여자애 도 금방 깨다 저녁 자다 먹다 자다 돌아다니다 술시 검사 대기 총 좀 넘다 걸리다 김', '저렴하다 수술 받다 있다 고양이 중성 수술 동물병원 금액 다르다 친구 소개 마이 팻 플러스 알다 뒤 집 근처 동물병원 진행 하다 마이 팻 플러스 할인 금액 할인 하다 수술 받다 있다 좋다 동물병원 금액 물어보다 덧 힘드다 한번 금액 알다 있다 저렴하다 수술 받다 있다 좋다 더 많다 품목 나오다 하다 바램 있다 추천 하다 우리 녕이들 필요하다 때 자주 이용 있다 김', '여야 중성 호흡 마취 후기 등록 항생제 주사 놓다 주다 약 먹이다 일도 없다 안쪽 녹다 실', '바깥 생체 본드 써다 실 뽑다 재 방문 하다 필요 없다 한번 바르다 소독약 줍다 보호자 입장 가장 편리하다 방식 만족하다 추천 하다 병원 방문 하다 데리 나오다 때 시간 걸리다 술시 정도 이다', '혈검 대기 시간 시간 이다 예약 전화 하다 때', '예약 하다 먼저 온 동물 있다 기다리다 수 있다 고지 하다 특징 아이 입원 들어가다 않다 것 혈검 뒤 대기 하다 시간', '수술 끝나다 잠깐 안정 취하 시간 입원 대신 데리 온 가방 넣다 대기실 보호자 지키다 해 길다 않다 시간 입원 가방 낫다 생각 듭니 아이 시간 지나 완전하다 깨다 것 같다 수술 후 시간 금식 나서다 밥 자다 먹다 사냥 놀이 하다 비 틀다 림 생활 하다 다른 아이 마취 수술 시키다 보다', '밤 몽롱 하다 하다 하룻밤 지나다 안정 되다 모습 이다 확실하다 호흡 마취 금방 깨어나다 좋다 것 같다 이', '고맙다 동물병원 합리 가격 이용 하다 있다 해주다 정말 감사하다 이', '전문가 포스 철철 길냥이 치료 하다 하다 엄청나다 바쁘다 좀 기다리다 시간 있다 바쁘다 와중 친절하다 잘알다 무엇 상처 예뿌 자다 아물다 감사 드리다 최', '안전하다 좋다 우리 애기 중성 해주다 여기저기 알아보다 하니 동물병원 후기 많다 냥 까페 추천 해주다 여기 가다 호흡 마취 하다 확실하다 깨다 암컷 더 걱정 되어다 호흡 마취 하다 자다 된거 같다 지금 열흘 지나다 환묘 복은 벗다 흉터 자다 안보 여요 아주 자다 뛰어다니다 감사하다 마이 펫 플러스 안녕하다 마이 펫 플러스 이다 마이 펫 플러스 후기 이벤트 참가 방법', '블로그', '카페', '커뮤니티 등 이용 업체 대한 솔직 후기 작성 마이 펫 플러스 로그인 이용 상품 구매 평 간단하다 후기 해당 남다 익월 이후 당첨 글 내 이름 확인 하다 당첨 주의 사항 등 후기 글 남다 때', '마이 펫 플러스 를 통한 임 꼭 밝히다 것 저희 마이 펫 플러스 동물병원 비용 부담스럽다 제때 치료받다 못 방치 되다 유기 되다 동물 숫자 줄이다 보다 취지 운영 되다 있다 대다수 동물병원 지방 쪽 이 할인 되다 비용 공개 하다 꺼리다', '마이 펫 플러스 입점 자체 거부 있다 마이 펫 플러스 더욱 힘내다 하다 수 있다 보호자 응원 힘 보태 줄다 저희 마이 펫 플러스 위 보호자 응원 필요하다', '마이 펫 플러스 역할 바가지 요금 걱정 동물병원 별 합리 저렴하다 가격 비교 가능 연륜 경험 풍부하다 장님 입점 비용 낮다', '의료 퀄리티 높다 수술 프로세스 투명 공개 전 프로세스 사전 확인 가능 서울시 수의사 협회', '마이 펫 플러스 제휴 병원 탈퇴 협박 공문 관련 기사 동물병원 비용 합리 기준', '유기견 유기묘 예방 기초 만들다 가다 반려동물 전문 소셜 마이 펫 플러스 반려 인과 반려동물 권리 지키다 가다 메', '우리 메이 중성 하다 우선 아이 정보 메이 개월 암컷 코숏 이다 기초 접종 끝내다 나서다 제 계속 시간 안나 다가 시간 나서다 중성 시키다 주다 마이 펫 플러스 여러 병원 비교 해보다 고민 하다 하니 선택 하다 자다 것 같다 어리다 굳이 호흡 마취 필요 없다 하다 스탠다드 구매 하다 다른 곳 저렴하다 혈액 검사 그것 해주시 뭐 많다 제일 좋다 건 후 처치 실밥 제거 필요 없다 재 방문 않다 되다 점 이다 좋다 집 멀다 사실 다시 오기 번거롭다 넥카 며칠 씌우다 나 벌써 자다 뛰다 놓다 조심하다 나 싶다 얌전하다 아이 그냥 두다 지켜보다 있다 감사하다 수술 자다 되다 것 같다 기분 좋다 추가 접종 시기 뭐 필요하다 있다 젤 먼저 하니 동물병원 찾아보다 용 마이 펫 플러스 안녕하다 합리 동물병원 비용 기준 유기견 유기묘 예방 기초 만들다 마이 펫 플러스 이다 앞 마이 펫 플러스 응원 해주다 바라다 마이 펫 플러스 이용 하다 후 후기 글 작성 시 선물 증정 분 드림 이용 하다 업체 대한 후기 글 나 블로그 카페 커뮤니티 등 정보 공유 해주시', '해당 글 간단하다 평 마펫 이용 하다 업체 상품 평 후기 남기다 선물 보내다 드리다 저희 마이 펫 플러스 동물병원 비용 부담 제때 치료받다 못 방치 되다 유기 되다 동물 숫자 줄이다 보다 취지 운영 되다 있다 은 많다 동물병원 가격 공개 가격 인하 대해 거부 감 많다 병원 제휴 어려움 있다 나 지방 쪽 병원 협조 쉬다 않다 제휴 더디다 있다 마이 펫 플러스 더 노력 하다 수 있다 보호자 응원 힘 보태 시기 바라다', '마이 펫 플러스 이용 방법 상품 구매 후 상품 인증 번호 병원 전화번호 문자 확인', '전화 예약 필수 평일 최소 원 전', '주말 주전 만약 수술 불가 및 단순 변심 상품 구매 문의 환불 청주시 환불 가능하다 병원 상품 함 수술 비용 마이 펫 플러스 구매 하다 때 특별하다 사항 없다 추가 비용 이용 가능하다 금액 이다 수술 부위 다르다 검사 및 상담 후 수술 보류', '추가 처치 및 검사', '처방 일수 등 추가 사항 있다 경우 비용 별도 발생 하다 있다 보호자 동의 진행 되다 마이 펫 플러스 있다 가능하다 합리 저렴하다 동물병원 가격 비교 구매 병원 예약 후 이용 연륜 경험 풍부하다 원장 진료 가격 낮다 의료 퀄리티 높아지다 바가지 요금 걱정 투명하다 수술 프로세스 사전 확인 비교 수술 비 저렴하다 수술 대충 해주다 저가 재료 쓰다 않다 병원 결제 마이 펫 플러스 구매 해주다 때 마이 펫 플러스 사이트 유지 되다 수 있다 정', '감사하다 덕분 중성 수술 자다 하다 오다 후기 보고 가다 원장 친절하다 수술 전 검사 해주다 수술 후 처치 깔끔하다 막내 여기 해주다 감사하다 은', '중성 수술 우리 땡 중성 수술 해주다 원장 진찰 해주다 상담 잘해주다 좋다 수술 후 수술 부위 적다 회복 속도 빠르다 좋다 하니 동물병원 추천 하다 임', '중성 수술 후기 원장 크림 초코 신경 써다 수술 해주다 감사하다 넥카 개 구매 하다 가격 대비 차다 좋다 수술 후 애 컨디션 나쁘다 않다 둘 자다 놀다 자다 감사하다 장', '중성 수술 우리 쩡 중성 수술 하다 오다 들다 친절하다 원장 진료 상담 해주다 좋다 수술 상처 부위 자다 아물다 있다 원장 실력 좋다 것 같다 앞 여기 병원 다니다 구 송', '중성 수술 하다 암컷 프리미엄 환묘복 하다 수술 지나다 별 문제 없다 검사 수술 후 안내 등 걸리다', '정도 지나다 마취 완전하다 풀리다 밥 거르는거 자다 먹다 생체 밴드 재 방문 필요없다 맘 들어서다 선택 하다', '한번 병원 준 요오드 소독약 바르다 끝 꾸다', '냥 중성 받다 원장 냥 대한 관심 애정도 상당하다 높다', '보통 강아지 집중 되다 경향 많다 점 집사 로서 정말 좋다 차분하다 저희 애기 자다 보다 수술 자다 받다 오다 뽈뽈 거리 면서 자다 다니다 밥 자다 먹다 기특하다 감사하다 배', '스케일링 하다 좋다 살이 스케일링 해주다 하다 말갛다 하다 있다 중성 수술 알아보다 스케일링 있다 구매 하다 하다 중성 자다 되다 이빨 깨끗해지다 추천 하다 신', '만족스럽다 중성 수술 둘째 암컷 사오십만원 정도 들다 부담 되다 찾아보다 마이 펫 플러스 알 돼다 마침 가깝다 곳 동물병원 있다 예약 예약 하다 여러가지 여쭈다 보다 무척 친절하다 병원 진료 받다', '수술 후 친절하다 무척 만족하다 강 추하다 윤', '고양이 중성 오전 구매 오후 검진 및 수술 받다 가다 첫 구매 좀 걱정 하다 의사 선생님 상담 진행 해주다 때 친절하다 해주시 간호사 저희 고양이 예쁘다 칭찬 해주다 가격 저렴하다 받다 모로 기분 좋다 수술 크다 탈 자다 진행 돼다 유', '중성 후기 병원 전체 좁다 느낌 이다 수술 이후 프론트 사람 없다 결제 등 안내 절차 미흡하다 아쉽다 중성 수술 결과 아주 좋다 상처 부위 작고 추후 실밥 제거 하다 병원 다시 가지 않다 되다 편하다 상처 부위 아주 자다 아물다 병원 좁다 것', '대기 시간 조금 있다 것', '프론트 안내 및 전반 절차 안내 미흡하다 것 빼다 만족하다 소', '기대하다 후기 워낙 좋다 기대하다 전 기대 별로 이다 병원 강아지 냄새 나다 원래 다니다 병원 친절하다 그렇다 여기다 친절하다 느끼다 하다 이동 위로 열다 꺼내다 그냥 문밖 하나 잡고 끌다 꺼내다 눈 좀 거치다 다루다 같다 기분 좋다 않다 수술 끝나다 집 오다 애가 원래 악질 으르렁 거린 없다 거의 다가가다 만해 그렇다 지금 괜찮다 마음 아프다 지금 수술 부위 괜찮다 있다 같다 수술 하다 때 수술 주변 털 조금 밀고 하다 좋다 주변 밀다 하다 수술 부위 주변 좀 지저분하다 무 틀다 기대하다 좀 실망 이다 박', '솔직하다 실망 이다 병원 들어가다 강아지 냄새 나서다 솔직하다 청결 걱정 되다 처음 남자 원장 피 뽑다 아이 달래다 하다 강제 팔 잡아당기다 하다 아이 좀 놀라다 같다 이후 여자 선생님 친절하다 설명 해주다 다행 이다 저 다른 후기 평 좋다 그렇다 않다']"
13,"['중성 남아 마리 함 노원 근처 군데 비교 하다 개월 되다 남아 마리 중성 화하다 가다 후기 없다 불안하다 귀찮다 후기 진짜 안남 기다 스타일 후기 없다 참고 글 쓰다 깔끔하다 동네 동물병원 길냥이 티앤 알도 이쁘다 보다 같다 마리 두다 이쁘다 해주다 꼼꼼하다 보다 여기다 이렇다 저렇다 하나 하나 세다 말씀 해주다 애 잠복 고환 별문제 하다 애가 난리 난리치다 차분하다 보다 수술 하다 둘이서 붙다 난리 난리치다 하다 케이 빌리다 시리다 돼다 크다 수건 감싸다 하다 받다 깔때기 비싸다 기만 별로 쓸다 일 없다 빌리다 쿨내나다 꼼꼼하다 보다 보조 분도 굉장하다 친절하다 여 그냥 좋다 가세 집앞 자주 가다 동물병원 있다 솔직하다 거기 좋다 객관 평가 아주 맘 들다 우리 애 해주다 맘 들다 좋다 후기 없다 은혜 갚다 치마 남기다 이', '중성 수술 하다 습 니당다 초보 집사 처음 병원 선점 힘들다 고다 좋다 추천 많다 병원 해 보다 하다 저 맞다 선생님 찾다 중요하다 고다 둘리 동물병원 추천 글 보고 집 가깝다 또 마이 펫 플러스 병원 비도 미리 확인 갈수 있다 내 원하다 되어다 초보 집사 보다 병원 비 걱정 덜덜 덜 하다 집 도보 걸리다 작고 아담하다 병원 고양이 마리나 있다 또 의사 선생님 털털 하다 매우 친절 하다 의심 많다 인지 예방접종 차 하다 중성 병원 다른 멀리 있다 유명하다 병원 갈다 아니다 믿다 둘리 병원 원장 갈다 갈팡질팡 고민 하다 그동안 저희 고양이 보다 주다 있다 초보 보다 별거 아니다 걸 데리 간 번 아니다 그렇다 때 웃다 자다 보다 하다 길고양이 티엔 알 수술 해주다 계시 하다 그동안 믿음 중성 맡기다 원래 둥이 걱정 하다 데리다 가다 화가 나다 놀라다 이건 수술 돼다 그렇다 아니다 그냥 집 고양이 아프다 거 생각 하다 집 오다 막 배신 감 치르다 떨다 악질 하다 울다 한숨 자고 일어 나선 다시 순하다 고냥이 돌아오다 봉합 부위 작고 자다 아물다 가다 있다 넥카 쿨하다 빌리다 완전 쿨하다 낚싯대 사르다 물다 전 그냥 가져가다 어차피 하다 보호자 얘기 자다 들어주다 고양이 예쁘다 해주다 둘리 동물병원 정말 추천 하다']"
14,"['중성 하다 예방접종 끝나다 중성 시기 되다 중성 수술 하다 땅콩 사라지다 놀라다 같다', '수술 자다 돼다 저희 애가 아프다 모습 없다 고생 하다 원장']"
15,"['좋다 진돗개 남아 중성 수술 하다 상담 모르다 부분 친절하다 설명 해주다 강아지 중성 수술 돼다 후 처치 깔끔하다 만족하다 김', '중성 하다 수컷 프리미엄 추가 넥카 구매 하다 수술 하다 후 처치 깔끔하다 아주 괜찮다 마펫 저렴하다 제 주변 지인 추천 하다 생각 이다 임', '중성 후기 나이 있다 애 프리미엄 구매 하다 중성 시키다 주다 저렴하다 가격 혈액 검사 포함 되어다 있다 좋다 수술 자다 돼다 감사하다 손', '잠복 고환 수술 하다 우리 냥 암컷 줄 알다 잠복 고환 하다 복강 내 하다 환불 하다 다시 구매 하다 전화 환불 바로 돼다 쌤 친절하다 것 것 물어보다 좋다 지하철역 근처 찾기 쉽다']"
16,"['수술 자다 받다 오다 리트리버 살 여 수술 오다 기존 다니다 병원 수술 비 비싸다 마이 펫 플러스 추천 받다 곳 하다 되어다 대형견 소형견 수술 비 비싸다 부담스럽다 원장 친절하다 아이 수술 자다 돼다 만족하다 초반 씌우다 카라 작다 애가 핥다 피부 염증 생기다 애기 문제 있다 하니 원장 퇴근 안 기다리다 진료 보다 항생제 처방 처치 그냥 해주다 친절하다 수술 후 상태 확인 자다 해주다 감사하다 애가 염증 자다 생기다 체질 물다 더 나다 염증 심해지다 아이 맡다 하다 신경 써주다 감동 받다 이', '여 중성 수술 돼다 개월 되다 어리다 고양이 이르다 발정 오다 예약 잡다 설 연휴 정신 없다 입원 하다 하루 동안 케어 자다 해주다 애가 어리다 마취약 부작용 있다', '수술 되다 걱정 하다 수술 후 컨디션 정말 좋다 무엇 수술 부위 깔끔하다 저렴하다 가격 좋다 의료 서비스 정말 감사하다 정', '개월차 암컷 강아지 중성 수술 우선 수술 결과 매우 만족하다 생각 절개 부위 작다 좋다', '수술 이후 병원 소독 하다 방문 하다 없다 엄 청 좋다 울 아이 넥카라 벗기다 틈 타 수술 부위 핥다 덧 나다', '정말 깜쪽 깨끗하다 낫 해주다 의료 진 필요하다 설명 해주시 것 좋다', '하루 밤 병원 재우다 경과 보다 것 아주 감사하다 매우 믿음 가다 병원 이다']"
17,"['행복하다 동물병원 최고 후기 등록 친구 소개 마이 펫 플러스 어플 알 되어다 집 거 가장 가깝다 기도 하다 합리 가격 이다 서울 대입 구역 근처 행복하다 동물병원 애기 중성 수술 맡다 되어다 병원 내부 깔끔하다 아주 조용하다 수술 앞서 원장 선생님 과정 유의사항 간결하다 알아듣다 쉬다 말씀 해주다 가장 중요하다 수술 술시 마취 후 내외 진행 되어다', '수술 당일 날 여파 있다 애기 앉다 서다 못 힘없다 있다 다음 날 되다 일 없다 양 활기차다 막 뛰어다니다 진짜 한시름 놨습니 걱정 하다 원장 쌤 수술 부위 정말 손톱 절개 수술 후 소독약 붕대 약 아주 꼼꼼하다 사후 처치 하다 애기 자국 거의 안남 회복 되어다 저 정말 진심 만족하다 수술 걱정 되다 분 행복하다 동물병원 강추 드리다 가격 저렴하다 합리 해주다 수술 완전 자다 심']"
18,"['역시 외과 수술 전문 대형견 어리다 때 아프다 병원 트라우마 있다 까칠하다 우리 강아지 아주 능숙하다 마취 시키다 완벽하다 수술 해주다 좋다 병원 찾아내다 하다 이유 모르다 눈병 체리 이다 찾다 마취 김 바로 수술 하다 일석이조 이다 앞 우리 강아지 이 병원 정 하다 친절하다 따뜻하다 간호사 들다 정말 감사하다 이', '최상 병원 수술 전문 병원 선택 하다 정말 하다 같다 깨끗하다 친절하다 실력 정평 있다 다른 병원 이렇다 좋다 이', '중성 수술 자다 돼다 원장 역시 실력 좋다 것 같다 이', '병원 차다 좋다 규모 시설 청결하다 맘 들다 수술 이나 퇴 원시 아이 해주시 세심 함 감사 드리다 수술 아주 되어다 꾸다', '다행 이다 집 멀다 않다 곳 좋다 병원 보이다 추위 갈다 수컷 아이 수술 시키다 수술 되어다 다행 이다 괜 걱정 거 같다 가깝다 수술 구성 좋다 선택 하다 아주 하다 같다 앞 자주 가게 되다 좋다 병원 알 되다 다행 이다 박', '추천 드리다 차다 좋다 병원 느낌 듭니 조금 늦다 남아 하다 나이 추가 금 없다 키로 추가 금 없다 일반 병원 저렴하다 병원 규모 크다 젊다 장님 정성 대단하다 저 아주 좋다', '']"
19,"['전 다니다 병원 노아 동물병원 전 다니다 병원 동한 번 주변 이전 하다 점점 커지다 첫째 키우다 전 하늘나라 보내다 이제 새롭다 입양 하다 중성 노아 하다 되어다 저 이제 근처 이사 하다 노아 다니다 원장 과잉 진료 하다 자다 보다 항상 이번 당연하다 노아 하다 하다 마침 마이 펫 플러스 이다 바로 결제 수술 하다 원장 다음 달 데리 갈다 항상 감사하다 김', '감동 우선 다니다 병원 가격 조금 쎄다', '고민 하다 마이 펫 플러스 알 되어다 집 근처 후기 보고 병원 결정 하다 전화 예약 하다 일주일 뒤 오늘 우리 릴리 말티 개월 중성', '마이크로 칩', '유치 제거 진행 하다 오전 반 예약 조금 일찍 도착 하다 유치 송곳니 개 윗니 개 구입 하다 더 있다 같다 하니 보시 알다 뽑다 주다 하다 대기 하다 혈액 검사 맡다 오후 쯤 데리다 오라 하다', '걱정 되다 마음 집 오다 오후 수술 자다 마치 회복 있다 픽업 가능하다 하다 하다 마음 병원 가다 저녁 도 병원 바쁘다 오전 그렇다 오후 많다 보다 정말 샘 자다 하다 싶다 하다 넘다 대기 하다 릴리 나오다 마음 안쓰럽다 수술 자다 되어다 기쁘다 은 마취 덜 깨다 헤롱헤롱 하다 있다 간호 자다 하다 경과 지켜보다 유치 뽑다 많다 놀래다 선생님 할인 해주다 진짜 무료 뽑다 뽑다 감동 곳 같다 치아 만원 나오다 말 간호사 언니 설명 자다 해주시 의사 샘 친절하다 노아 병원 결정 하다 하다 싶다 감사하다 여', '여리고 여리다 아이 걱정 많다 수술 되어다 애가 여리다 애 수술 하다 하나 말다 하나 고민 번 고민 하다 동네 언니 키우다 아이 노견 자궁 축농증 수술 하다 되어다 말 결심 하다 되어다 수술 결정 하다 또 병원 선택 장애 오다 카페 인터넷 검색 수일 보내다 마이 펫 플러스 알 되어다 집 가깝다 노아 동물병원 선택 하다 원장 상담 하다 안심 되어다 경험 많다 수술 대한 이야기 아주 편하다 상담 해주다 수술 받다 동안 걱정 하다 속 마음 편하다 먹다 있다 수술 받다 오다 별탈 자다 회복 되어다 실밥 뽑다 보다 수술 부위 작고 아이 밥 먹다 놀다 감사하다 마이 펫 플러스 통해 구매 내 원하다 원장 친절하다 자다 보다 추천 드리다 고민 하다 말다 중성 필수 선택 병원 선택 고민 되다 때 추천 드리다 싶다 임', '노아 동물병원 중성 수술 받다 암컷 그렇다 모르다', '인근 병원 부르다 값 덥다 가격 크다 문제 아니다 병원 제각각 좀 화가 나다 인터넷 통해 정보 얻다 검색 하다 마이 펫 플러스 알 되어다 노아 동물병원 그리다 멀다 않다 곳 있다 사실 처음 고민 돼다', '가격 저렴하다', '병원 어떻다 곳 정확하다 모르다 부분 있다 상담 받다', '마이 펫 플러스 취지 정말 좋다 동물병원 비용 낮추다 유기견 묘 예방 도움 되다 취지 구매 병원 방문 하다', '원장 정말 경험 풍부하다 상담 해주다 느껴지다 것 것 자다 설명 해주시 식 진행 되다 자다 알다 수술 끝나다 저녁 데리다 가다 기분 좋다 모로 정말 좋다 병원 이다 예방접종 같다 것 노아 이용 하다 예정 이다']"
20,"['암컷 중성 스케일링 후기 안녕하다 우리 동물병원 암컷 성화 진행 하다 우선 저희 강아지 아프다 보다 속상하다 것 같다 무통 주사 포함 되다 프리미엄 선택 스케일링 진행 하다 제 평소 걱정 많다 편이 심하다 걱정 하다 원장 본인 실력 대한 자부심 느껴지다 믿다 저희 강아지 맡기다 결과 수술 깔끔하다 자다 되어다 스케일링 이도 깨끗해지다 좀 멀다 차 가지 가다 주차장 넓다 차다 좋다 다만 차비 발생 하다 참고 하다 좋다 비싸다 차비 아니다 때문 감당 가능하다 이', '강아지 수컷 성화 강아지 마리 키우다 몽 아빠 이다 처음 수술 비 저렴하다 고민 하다 오히려 고민 게 미안하다 정도 원장 설명 해주다 수술 깔끔하다 돼다 좋다 원장 감사 드리다 앞 우리 몽 자다 부탁드리다']"
21,"['감사하다 포메 남아 개월 수술 하다 유치 발치 하다 작다 아이 걱정 하다 수술 후 회복하다 고 마킹 마운팅 줄다 의사 선생님 친절하다 울 겁쟁이 달이 수술 자다 해주다 감사하다 이', '암컷 고양이 중성 수술 좀 지나다 후기 쓰다 궁금하다 부분 자다 설명 해주다 넘다 좋다 지금 건강하다 회복하다 자다 뛰다 놓다 감사하다 김', '장모 치와와 여 중성 수술 하다 고민 고민 개월 중성 수술 하다 간단하다 수술 이르다 만 하나 되다 수술 망설이다 중성 수술 하다 자궁 및 생식기 질환 확률 높아지다 더 늦다 하다 낫다 싶다 수술 결정 하다 수술 전 설명 자다 해주다', '수술 돼다', '상처 크다 깨끗하다 자다 아물다 수액 항생제 투약 하다 별도 항생제 복용 안해 되다 좋다 수술 후 매일 포타딘 드레싱 하다 됏어 소독 액 주시 거즈 안주 미리 준비 하다 두다 좋다 같다 여분 붕대 하나 미리 구비 하다 두시 좋다 같다 부작용 수술 자다 되다 만족하다 김', '친절하다 꼼꼼하다 시간 도저히 안되다 직접 가다 굉장하다 친절하다 설명 해주다 전화하다 또 설명 해주다 아침 맡다 밤 데리다 가다 기다리다 금액 추가 하다 후 처치 하다 되다 하다 좀 자세하다 안내 나오다 걸 선택 하다 어플 문제 좀 아쉽다 넥카 별도 구매 좀 당황 스럽다 하다 최', '추천 드리다 냥 아랑 남아 수술 하다 수술 전이 후 설명 해주다 남아도 프리미엄 하다 수액 주사 맞다 약 먹다 되다 좋다 당일 자다 놀다 두다 자다 회복하다 건강하다 지내다 이', '선생님 친절하다 수술 완벽하다 습 니당다 집 강아지 감자 작고 예민하다 선생님 자세하다 설명 해주시 물어보다 귀찮다 하다 친절하다 자다 해주다 실밥 제거 완벽하다 해주다 달 지나 지금 흉터 아예 없다 수술 이틀 지나 다시 활발하다 자다 놀다 감사하다 반', '추천 하다 여자아이 고민 하다 하다 선생님 친절하다 설명 해주다 아이 안심 시키다 모습 좋다 수술 자국 작다 회복기 간도 빠르다 같다 선생님 수술 잘해주다 덕분 별탈 건강하다 이', '친절하다 꼼꼼하다 수술 해주다 암컷 고양이 중성 화가 수컷 아이 힘들다 하다 하다 곳 알아보다 중 발견 하다 다른 동물병원 대비 이상 저렴하다 비다 수액 놓다 수술 전후 설명 조치 친절하다 상세 하다 알다 아이 개월 대비 작다 편이 걱정 많다 무사하다 수술 해주다 감사하다 상처 부위 크다 않다 덧 늘다 자다 아물다 추천 하다 송', '완전 만족하다 일단 쌤 친절하다 좋다 두부 중성 하다 간수치 좀 높다 하다 수술 잘해주다 덕분 같다 추가 금 약 이빨 뽑다 쥐 약간 부담 되어다 저 진짜 만족 용 감사하다 귀찮다 있다 제 질문 하다 친절하다 답변 다해 시구 넘다 친절하다 이', '수술 하다 무뚝뚝하다 선생님 듯 하나 물어보다 개 알다 주심 수술 자다 되다 절개 부위 센치 정도 되다 정', '만족하다 봄 중성 수술 후 주의 사항 대해 설명 해주다', '추후 걸 전화하다 문의 드리다 매번 친절하다 설명 해주다 감사하다 보다 자꾸 넥카라 벗 어제 끼다 핥다 통 실밥 푸르다 일 더 넥카라 하다 지금 깨끗하다 아물다 중성 걱정 이다 부분 한결 가벼워지다 감사하다 홍', '신경 써주다 감사하다 후기 찾아보다 멀리 간 진짜 후회 안해 아이 수술 자다 돼다 실밥 자다 뽑다 수술 마무리 자다 지다 아주 저렴하다 하다 정말 감사하다 예방접종 앞 여기 다니다 요 친절하다 아이 사랑 해주시 마이 펫 플러스 안녕하다 마이 펫 플러스 이다 마이 펫 플러스 후기 이벤트 참가 방법', '블로그', '카페', '커뮤니티 등 이용 업체 대한 솔직 후기 작성 마이 펫 플러스 로그인 이용 상품 구매 평 간단하다 후기 해당 남다 익월 이후 당첨 글 내 이름 확인 하다 당첨 주의 사항 등 후기 글 남다 때', '마이 펫 플러스 를 통한 임 꼭 밝히다 것 저희 마이 펫 플러스 동물병원 비용 부담스럽다 제때 치료받다 못 방치 되다 유기 되다 동물 숫자 줄이다 보다 취지 운영 되다 있다 대다수 동물병원 지방 쪽 이 할인 되다 비용 공개 하다 꺼리다', '마이 펫 플러스 입점 자체 거부 있다 마이 펫 플러스 더욱 힘내다 하다 수 있다 보호자 응원 힘 보태 줄다 저희 마이 펫 플러스 위 보호자 응원 필요하다', '마이 펫 플러스 역할 바가지 요금 걱정 동물병원 별 합리 저렴하다 가격 비교 가능 연륜 경험 풍부하다 장님 입점 비용 낮다', '의료 퀄리티 높다 수술 프로세스 투명 공개 전 프로세스 사전 확인 가능 서울시 수의사 협회', '마이 펫 플러스 제휴 병원 탈퇴 협박 공문 관련 기사 동물병원 비용 합리 기준', '유기견 유기묘 예방 기초 만들다 가다 반려동물 전문 소셜 마이 펫 플러스 반려 인과 반려동물 권리 지키다 가다 최', '중성 수술 자다 받다 개월 말티즈 여 수술 받다 겁 워낙 많다 힘들다 지금 상처 자다 지내다 건강하다 자다 지내다 동네 병원 있다 차다 좋다 친절하다 간호사 샘 넘다 감사하다 자기 아이 달래다 의사 샘 넘다 친절하다 설명 잘해주다 저렴하다 수술 하다 울 난이 정병 하다 백', '코숏 여 중성 자다 돼다 개월 코숏여 수술 자다 받다 학생 신분 중성 비용 조금 부담스럽다 비교 저렴하다 믿다 곳 찾다 자다 선택 것 같다 저희 야옹이 겁 많다 계속 달래다 별 탈 진료 자다 받다 수술 후 회복 자다 되어다 사방 팔방 신나다 뛰어놀다 있다 감사하다 김', '정말 감사하다 저희 아이 잠복 고환 솔직하다 수술 비용 제일 부담 크다 둘째 남아 잠복 고환 이다 거의 넘다 수술 시키다 여기다 정말 그 반도 안되다 가격 하다 게다가 의사 정말 친절하다 잠복 고환 술시 걸리다 힘들다 아이 생각 해주다 말씀 정말 감사하다 정말 감사하다 고생 많다 최', '코숏 여 중상 화하다 저희 고양이 겁 많다 소심하다 고집 좀 부리다 편이 걱정 하다 선생님 냥 안심 자다 시키다 감사하다 수술 부위 자다 아물다 만족하다 마이 펫 플러스 알 되다 병원 앞 종종 갈다 것 같다 안', '조금 늦다 나이 중성 시키다 중성 때 놓치다 걱정 하다 원장 쌤 친절하다 설명 해주다 수술 전 수술 후 자다 보다 좋다 우리 아기 수술 하다 감사하다 최', '만족하다 푸다 들다 개월 여 중성 수술 여기 하다 아이 저 기전 번 파양 되다 바람 조금 늦다 하다 편이 원래 개월 때 하다 하다 집 일단 가깝다 비용 저렴하다 하다 선생님 친절하다 난소 다른 아이 작다 편이 시간 조금 더 걸리다 자세하다 직접 적 추다 물 보여주다 설명 해주다 하루', '이틀 정도 아프다 아주 나르다 새 열흘 지나다 오늘 실밥 풀다 다녀오다 덧 거나 것 자다 아물다 친구 지인 도 추천 해주다 요즘 이르다 유명하다 병원 작 꼼꼼하다 친절하다 과잉 진료 없다 좋다 것 같다 감사하다 박', '페르시안 친칠라 여 중성 수술 후기 알 되다 마이 펫 플러스 동네 근처 군데 있다 반갑다 개월 우리 냥 새끼 낳다 계획 하다 의치 않다 중성 수술 결심 하다 병원 어디 선택 하다 하다 막막하다 중성 수술 기도 늦다 버리다 것 알 되다 마음 조급하다 비용 만 않다 고해 카페 검색 하다 중 알 되다 마이 펫 플러스 정말 좋다 취지 더 안심 되어다 선생님 친절하다 설명 자세하다 해주다 믿음 배 되어다 회복 빠르다 수술 되다 것 같다 기쁘다 수술 한지 달이 되다 수술 자국 보이다 않다 수술 해주다 선생님 감사 드리다 유', '자다 받다 수컷 강아지 저렴하다 가격 프리미엄 중성 수술 자다 받다 의사 쌤 정말 친절하다 문', '개월 푸다 들다 중성 자다 끝내다 친절하다', '설명 자다 해주시 의사 선생님 덕분 수술 회복 넘다 깔끔하다 자다 끝나다 감사하다 가루약 먹이다 꿀팁 알다', '자다 사용 하다 예정 이다 하다', '강 추하다 정말 착하다 가격 맘 들다', '수술 후 아이 회복 금방 되어다 친절하다 원장 또 계시다 강 추하다 오', '개월 고양이 중성 화하다 겁 많다 여리다 아이 첫 수술 정말 걱정 하다 가격 부담 돼다 좀 더 저렴하다 병원 찾다 있다 다른 병원 절반 가격 대충 해주다 않다 란 생각 들다 수술 후 주인 하다 걱정 아시 것 수술 되다 것 확인 시키다', '집 돌아가다 있다 수 있다 돌발상황', '주의 사항 하나 하나 상세 설명 해주다', '우리 아이 수술 후 마취 깨다 것 신경 써주다 심지어 우리 아이 수술 후 이동 들어가다 실수 쉬다 좀 하다 직접 휴지 쉬 받다 괜찮다 괜찮다 다독이다 것 보고 정말 감동 받다 저렴하다 대충 보다 않다 걱정 제 죄송하다 부끄럽다 진짜 집 가깝다 거리 아니다 혹시 병원 갈다 일 있다 하니 병원 가다 하다 애기 마취 깨다 있다 되다 뒤 화주 오시 주차 두 장도 챙기다 점 만점 점 드리다 마지막 선생님 정말 감사하다 병원 비 부담 애기 병원 못 데려가다 일 없다 같다 정성스럽다 치료 감사하다 코', '중랑구 하니 동물병원 병원 깔다 크다 친절하다 설명 해주다 원장 좋다 후 처치 완벽하다 애기 건강하다 생 위해 잠깐 불편하다 선택 거 하다 생각 이다 은애 달 정도 있다 수술 하다 생각 이다 추천 드리다 제', '위치 좋다 주차 하다 편하다 마트 있다 않다 바로 옆 마트 마트 주차 동물병원 맡기다 볼 일 보고 편하다 남양주 살다 오기 편하다 병원 크다 깔끔하다 선생님 친절하다 모로 괜찮다 양', '수술 끝 의사 선생님 츤데레 해주다 마리 고양이 중성 자다 마치다 자다 아물다 지금 날아다니다 회복 되다 기간 기다 주인 괴롭다 데 가격 저렴하다 의심 돼다', '퀄리티 다르다 못지않다 다만 녹다 수술 가능하다 좀 더 편하다 않다 생각 듭니 박', '중성 수술 실패하다 코숏 남아 이다 후 가다 가다 보다 잠복 고환 덥다 추가 금 내다 하다 군데 고도 근육 속 있다 하다 마무리 셨 수술 에쓰 담다 진정 시키다 모습 차다 맘 놓이다 수술 완료 되다 상처 남다 오다 맘 안좋다 수술 비도 추가 선생님 친절하다 냥 여전하다 스프레이 지내다 수술 실밥 풀다 야하다 당장 또 수술 하다 없다 미치다 노릇 이다 고생 하다 선생님 이해 추천 하다 않다']"
22,['다음 또 예정 이다 강추 저희 포메 데 비만 마취 부담 있다 스케일링 자다 해주다 거절 안 바로 핸드 스케일링 깔끔하다 치료 해주다 감사 마취 하다 이유 이해 하다 있다 자세하다 설명 해주다 장모 치와와 데려가다 눈 난 체리 아이 같다 설명 해주다 증상 효능 등등 깔끔하다 진료 합리 비용 친절하다 서비스 강추 이다']
23,"['중성 수술 후기 등록 처음 간 병원 강아지 선생님 보다 꼬리 치면 선생님 금방 친해지다 보이다 하다 강아지 이쁘다 해주다 모습 좋다 아이 수술 자다 마치 안 들어가다 있다 모습 보다 스럽다 안 오줌 사다 손발 젖다 있다 좀 속상하다 하다 간호사 샘 놀래다 바로 닦다 주다 견 묘 종 토이 푸다 들다 나이 개월 몸무게 암수 수컷 거주지 시 구 성북구 윤', '중성 카카오 고양이 키우다 집사 이다 중성 수술 첫날 아파해 걱정 되다 언제 잇엇냐 식 이틀 날 뛰다 댕기 밥 먹다 술시 깔끔하다 되어다 기분 좋다 원장 간호사 들다 들다 친절하다 저희 첫째 둘째 딸 구들 병원 용하다 같다', '막둥이 중성 첫 발정 전 중성 해주다 이야기 들다 원래 중성 하다 게 애 하다 짓 생각 하다 여기저기 글 읽다 보다 애기 건강 위해 해주다 초 예방접종 끝내다 중성 해주다 집 오다 처음 약간 뚱하다 이제 또 활발하다 자다 놓다 밥 자다 먹다 걸 보다 수술 자다 되다 것 같다 감사하다 강', '대형견 중성 몸무게 리트리버 숫놈 중성 수술 받다 덩 치가 있다 놈 마취제 추가 비용 발생 하다 원장 선생님 간호사 모두 친절하다 수술 자다 끝나다 것 같다 수술 받다 틀 지나다 벌써 정상 컨디션 회복하다 자다 놀다 자다 먹다 자다 싸다 실밥 녹다 실밥 굳이 문제 생기지 않다 다시 방문 하다 필요 없다 하다 일 있다 때 연락 달라 하다 간 김 애견 등록 일사천리 끝내다 요기 강 추하다 강', '대형견 중성 몸무게 리트리버 숫놈 중성 수술 받다 덩 치가 있다 놈 마취제 추가 비용 발생 하다 원장 선생님 간호사 모두 친절하다 수술 자다 끝나다 것 같다 수술 받다 틀 지나다 벌써 정상 컨디션 회복하다 자다 놀다 자다 먹다 자다 싸다 실밥 녹다 실밥 굳이 문제 생기지 않다 다시 방문 하다 필요 없다 하다 일 있다 때 연락 달라 하다 간 김 애견 등록 일사천리 끝내다 요기 강 추하다 성', '고양이 암컷 중성 수술 달 째다 이다 수술 자국 전혀 안남다 건강하다 자다 지내다 있다 감사하다 신', '원장 실력 확실하다 좋다 보다 원장 당당하다 수술 정말 하다 보다 꼬 자국 깔끔하다 회복 빠르다 좋다 가격 좋다 병원 감사하다 상', '추천 하다 여기 병원 진짜 추천 하다 가격 싸다 원장 친절하다 수술 되어다 어떻다 추천 하다 있다 유', '추천 추가 생각 금방 수술 끝나다 아주 마무리 자다 되어다 하다 하루 지나다 마자 깨방정 부리고 완전 회복 되다 해 좋다 가격 차다 훌륭하다 장', '스켈 링 직접 찾아보다 결과 원장 양심 가족 강아지 이빨 깨끗하다 해주다 믿다 맡기다 되다 병원 이다 계 고등학교 정문 앞 왼쪽 상가 있다 김', '고양이 암컷 중성 수술 수술 자다 해주다 감사하다', '좋다 수술 자다 돼다', '진찰 실', '수술실 가깝다 안심 돼다 딩', '까운 데 생기다 좋다 계속 보기 하다 가깝다 언제 생기 하다 생기다 원장 친절하다 저렴하다 하다 습 니당다 추천 드리다']"
24,"['수술 자다 돼다 다른 애 수술 늦다 나이 하다 편 수술 자다 돼다 자다 아물다 있다 김', '좋다 친절하다 저렴하다 완전 일석이조 이', '되다 수술 되다 우리 댕댕 쌩쌩하다 원장 친절하다 아주 만족하다 숙', '좋다 병원 깨끗하다 차다 친절하다 가격 짱 김', '아주 만족하다 아주 만족하다 밍', '아이 둘 아주 좋다 밍키 동이 두다 하다 둘 비용 절약 되다 길 아이 옷 사고 간식 사고 기분 좋다']"
25,"['중성 수술 처음 가다 병원 것 것 떨리다 많다 원장 선생님 차분하다 설명 잘해주다 편하다 해주다 정말 편하다 다행하다 애기 수술 무사하다 끝나다 수술 후지 금도 회복 완전 좋다 짱짱 좋다 잠실 있다 병원 추천 하다 제스 켈링 것 여기 받다 김', '중성 수술 만족하다 감사하다 원장 년생 여 러시안블루 비글 중성 수술 하다 수술 하다 이제야 후기 쓰다 수술 되어다 감사 한마음 후기 쓰다 원래 후기 자다 써다 저렴하다 가격 수술 되어다 냥 굉장하다 비글 이 중성 수술 후 우울하다 기운 없다 들다 하다 바로 기운 차리다 놀다 실밥 풀리다 조마조마 하다 역시 일주일 뒤 실밥 풀리다 다행하다 자다 아물다 괜찮다 원장 수술 정말 해주다 감사하다 번창 하다 하다', '좋다 수술 비용 저렴하다 수술 부위 자다 아물다 있다 양', '친절하다 저번 주 수술 하다 것 것 궁금하다 많다 질문 친절하다 답 해주다 역시 전문가 느낌 들다 마이 펫 플러스 안녕하다 반값 동물병원 실현 통해 유기견 유기묘 예방 기초 만들다 마이 펫 플러스 이다 상품 구매 반드시 마이 펫 플러스 구매 하다 쿠폰 번호 받다 병원 예약 후 이용 해주다 바라다 마이 펫 플러스 상품 구매 해주다 않다 저희 마이 펫 플러스 존재 가치 없다 마이 펫 플러스 동물병원 진료 상품 합리 저렴하다 가격 보호자 이용 하다 있다 많다 동물병원 입점 위해 발 뛰다 있다 마이 펫 플러스 결제 해주다 때 크다 응원 힘 실수 있다', '수술 경력 많다 것 같다 하다 중성 센터 있다 병원 중성 하나 자다 하다 것 같다 하다 수술 역시 돼다 추천 이다 주', '믿음 직 스럽다 선생님 편하다 자다 해주시 우리 애기 사랑 자다 보다 전문가 포스 수술 되다 좋다']"
26,"['완전 감동 자체 후기 등록 저번 이용 해보다 좋다 또 한번 이용 해보다 더 좋아지다 정말 좋다 병원 선생님 친절하다 저희 아기 세심 하다 챙기다 중성 수술 만 하다 피부병 있다 무료 약 주시 신경 써다 주다 감사하다 간호사 선생님 도 완전 친절하다 좋다 강동구 근처 사시 분 꼭 추천 하다 이', '냥 중성 달 반 쯤 수술 하다 들다 친절하다 울 애기 맡다 중성 자다 하다 절개 부위 약 정도 되다 자다 아물다 우리 애기 수술 하다 바로 날아다니다 걱정 많다 염증 자다 나다 지금 수술 전 밀다 털다 부숭부숭 나다 수술 처음 워낙 예민하다 애기 선생님 고생 많다 가격 합리 수술 전후 케어 적당하다 같다 이', '고덕 초보 집사 설명 친절하다 해주시 수술 후 카톡 문의 답장 주다 불안하다 마음 덜다 지금 자다 아물다 성묘 벌써 자다 크다 손님 많다 원장 실력 좋다 그렇다 같다 고양이 강아지 인산인해 이루다 안', '저렴하다 가격 이용 원래 예방접종 맞다 다니다 병원 이렇다 좋다 상품 있다 중성 수술 자다 끝내다 수술 전 미리 예약 잡고 주말 오전 수술 시작 하다 마취 늦다 풀리다 바람 저녁 늦다 데려오다 수술 만족스럽다 한가지 아쉽다 점 있다 디테일 사항 수술 부위 실로 꼬매 않다 접착 진행', '다리 부분 감다 붕대 언제 빼다', '항생제 먹이다 필요 없다 도 안내 해주다 좋다 것 같다 이', '중성 수술 원장 선생님 굉장하다 신중하다 꼼꼼하다 처음 해보다 중성 수술 깔끔하다 자다 마치다 가깝다 믿다 병원 있다 걸 마이 펫 플러스 통해 알 되어다 정말 좋다 윤', '좋다 아이 둘째 곳 하다 녀석 수술 잘해주다 항상 고맙다 곳 이다 참고 아이 여자아이 이구 둘째 남자 아이 이다 신', '덕분 정말 돼다 걱정 정말 많다 데 알아보다 원장 더 까다롭다 고양이 수술 경험 많다 경력 좋다 거 같다 멀다 여기 선택 하다 간호사 약 챙기다 밤 차로 왕복 다시 가다 하다 수술 진짜 돼다 벌써 흔적 거의 없다 류', '피하 잠복 유치 발치 피하 잠복 고환 유치 발치 하다 아이 호흡 마취 좋다 듯 하다 호흡 마취 저렴하다 해 바꾸다 류', '피하 잠복 피하 잠복 걱정 하다 수술 부위 작다 절개 하다 쉬다 아물다 지금 회복 되어다 나르다 다니다 병원 깨끗하다 문의 친 톡 드림 친절하다 답 해주다 류', '피하 잠복 피하 잠복 고환 추가 금액 착하다 원장 쌤 의사 쌤 간호사 쌤 모두 친절하다 수술 부위 워낙 작다 잠복 고환 쪽 아물다 조', '친절하다 의사 쌤 그렇다 간호사 언니 친절하다 처음 곳 수술 거 리뷰 꼼꼼하다 보고 가다', '자다 것 같다 여기 박', '믿다 가다 병원 후기 늦다 원래 다니다 곳 마이 펫 플러스 있다 보고 구매 하다 하다 항상 친절하다 자세하다 설명 해주다 원장 셔 믿다 다니다 이제 둘째 중성 화하다 또 구매 하다', '수술 자다 받다 저렴하다 가격 아기 수술 자다 받다 오다 친절하다 상세 설명 감사하다 마이 펫 플러스 고덕 둘 홍보 다니다 마이 펫 플러스 안녕하다 합리 동물병원 비용 기준 유기견 유기묘 예방 기초 만들다 마이 펫 플러스 이다 앞 마이 펫 플러스 응원 해주다 바라다 마이 펫 플러스 이용 하다 후 후기 글 작성 시 선물 증정 분 드림 이용 하다 업체 대한 후기 글 나 블로그 카페 커뮤니티 등 정보 공유 해주시', '해당 글 간단하다 평 마펫 이용 하다 업체 상품 평 후기 남기다 선물 보내다 드리다 저희 마이 펫 플러스 동물병원 비용 부담 제때 치료받다 못 방치 되다 유기 되다 동물 숫자 줄이다 보다 취지 운영 되다 있다 은 많다 동물병원 가격 공개 가격 인하 대해 거부 감 많다 병원 제휴 어려움 있다 나 지방 쪽 병원 협조 쉬다 않다 제휴 더디다 있다 마이 펫 플러스 더 노력 하다 수 있다 보호자 응원 힘 보태 시기 바라다', '마이 펫 플러스 이용 방법 상품 구매 후 상품 인증 번호 병원 전화번호 문자 확인', '전화 예약 필수 평일 최소 원 전', '주말 주전 만약 수술 불가 및 단순 변심 상품 구매 문의 환불 청주시 환불 가능하다 병원 상품 함 수술 비용 마이 펫 플러스 구매 하다 때 특별하다 사항 없다 추가 비용 이용 가능하다 금액 이다 수술 부위 다르다 검사 및 상담 후 수술 보류', '추가 처치 및 검사', '처방 일수 등 추가 사항 있다 경우 비용 별도 발생 하다 있다 보호자 동의 진행 되다 마이 펫 플러스 있다 가능하다 합리 저렴하다 동물병원 가격 비교 구매 병원 예약 후 이용 연륜 경험 풍부하다 원장 진료 가격 낮다 의료 퀄리티 높아지다 바가지 요금 걱정 투명하다 수술 프로세스 사전 확인 비교 수술 비 저렴하다 수술 대충 해주다 저가 재료 쓰다 않다 병원 결제 마이 펫 플러스 구매 해주다 때 마이 펫 플러스 사이트 유지 되다 수 있다 진', '잠복 고환 중성 수술 후기 강아지 잠복 고환 있다 중성 수술 해주다 수술 전 기초 혈청 검사 해주다 좋다 호흡 마취 진행 하다 수술 자다 끝나다 좋다 후 처치 깔끔하다 가격 저렴하다 이용 하다 만족스럽다 여 좋다 사이트 사람 자다 모르다 안타깝다 주변 사람 홍보 하다 번창 하다 김', '괜찮다 코숏 남아 중성 수술 해주다 스케일링 해주다 좋다 수술 부위 작고 깔끔하다 마음 들다 서다', '추천 하다 전 마이펫 처음 접 해보다 걱정 많다 원장 선생님 친절하다 자다 돌보다 좋다 추천 하다 장', '이중성 안심 받다 든든하다 병원 지키다 원장 계시다 집 나나 건강 걱정 없다 젊다 원장 저희 아이 중성 수술 해주다 간호사 선생님 항상 친절하다 좋다 병원 집 근처 있다 행운 이지 작다 다루다 부드럽다 아이 진료 보다 설명 자세하다 해주다 걱정 말다 원장 중성 수술 받다 나', '선생님 완전 친절 오늘 병원 가다 수술 하다 선생님 친절하다 좋다 여기 유명하다 손님 많다 조금 힘드다 빼다 간호사 분 친절하다 좋다 마이 펫 플러스 넘다 좋다 홍보 조금 하다 가다 유', '강추 차다 착하다 가격 선생님 좋다 가격 미리 알 병원 선택 하다 차다 좋다 장', '추천 드리다 아이 자다 회복하다 이제 놀다 있다 하나 자다 기르다 선택 하다 하다 같다 친절하다 좋다 가격 거듭 추천 하다 김', '합리 가격', '친철함 혈액 검사 포함 하다 가격 매우 합리 같다', '병원 깨끗하다 정돈 되다 안심 되다 수술 자다 받다 페', '수술 하다 좋다 병원 좋다 선생님 좋다 가격 아이 수술 아주 하다 분도 가보다 만족하다 가격 미리 알 가다 좋다 김', '혈액 검사 포함 하다 착하다 가격 강동 이 가격 이면 꼭 추천 하다 하다 같다 글 올리다 혈액 검사 하다 그것 내야 하다 괜찮다 가격 이다 병원 시설 아주 좋다 똘', '좋다 고민 해결 추천 하다 둥', '만족스럽다 수술 연휴 시작 되다 전 하다 계획 잡다 제 귀찮다 물어보다 아니다 모르다 처음 불안하다 다행하다 아무 문제 자다 끝나다 원장 감사하다']"
27,"['상품 평 친절하다 묘 집사 중성 비용 만 않다', '마이 펫 플러스 알 되다 번 저렴하다 중성 수술 하다 아이 병원 자다 모르다 피 검사 중성 수술 하다 정도 저렴하다 하다 만족하다 하다 마이 펫 플러스 사이트 피 검사 항생제 포함 하다 좋다 질문 란 질문 해도 사장 신지 관계자 신지 전화 주다 직접 내용 설명 해주시 전화 통화 하다 유기묘 유기견 위해 사이트 더 활성화 되어다 되다 좋다 말씀 해주다 용 사실 동물병원 직접 전화하다 것 것 물어보다 조심스럽다 그렇다 때 많다 이 사이트 문의 드리다 직접 전화 주다 설명 해주다 편하다 같다 수술 자다 끝나다 자마자 간식 폭풍 흡입 하다 병원 진료 비 비싸다 동물병원 수술 받다 진료 받다 때 아이 괜찮다 연락 단 한번 받다 보다 기선 다음 날 일욜 아이 괜찮다 일 있다 연락 달라 카톡 오다 감덩 상품 평 정말 간호사 친절하다 원장 설명 자다 해주다 용', '다른 병원 넥카 말 채우다 비용 청구 하다 기선 넥카 필요없다 환묘 복도 챙기다 가다 원장 이렇다 상술 필요없다 하다 수술 깔끔하다 되다 그렇다 같다 다만 피 검사 결과 정신 없다 제대로 들다 정상 설명 해주다 수술 자다 끝나다 밥 먹다 화장실 자다 가다 첫 수술 마이 펫 플러스 사이트 병원 만족스럽다 거리 병원 앞 수컷 마리 암컷 마리 중성 수술 예정 병원 하다 용 추천 하다 박', '이중성 오늘 애기 중성 오다 수술 비용 싸다 혹시 불친절하다 않다 걱정 하다 원장 젊다 친절하다 간호사 매우 친절하다 기분 좋다 자다 수술 오다 오전 수술 들어가다 넘다 걸리다 같다 수술 자다 끝나다 카톡 받다 데리다 가다 애기 수고 하다 닭 가슴 살 간식 챙기다 앞 믿다 갈다 하다 박', '별 개 있다 따따블 평가 하다 드리다 싶다 복실 어리다 그렇다 중성 수술 후 하루 반나절 밥 도안 먹다 고물 안마 고해 걱정 되다 담날 아침 일찍 한번 더 진료 받다 보다 하다 들리다', '진료 비도 받다 않다 항생제 주사 맛있다 간식 챙기다 시궁 넘다 감동 오늘 알다 곳 하라 궁 홍보 하다 직원 의사 샘 넘다 친절하다 진료 넘다 보다 집 거리 멀다 번거롭다 곳 단골 다니다 병원 번창 하다']"
28,"['완추 네이버 검색 까페 블로그인 알 되다 마이 펫 소셜커머스 들어가다 가격 저렴하다 예약 하다 돼다 근대 걱정 좀 되다 햇 저렴하다 강아지 처음 키우다 보다 태어나다 개월 입양 하다 틀 죽다 모르다 병 걸리다 입원 시키다 크다 돈 나 거 욧 저 힘드다 좀 발품 팔 알아보다 알아보다 평 나쁘다 않다 갓 늘다 좋다 회원 가입 하다 댓글달다 해달라다 요기 전화하다 부탁드리다 원장 쿨하다 손님 경험 해봤다 꼬집다 말 하다', '요점 말 하다 챙기다 챙기다 감솨 하다 애기 이다 꼭 또 가다 이', '오늘 퇴원 햇습니 살 말티즈 남아 중성 스켈링 슬개골 한번 수술 햇 일주일 입원 오늘 퇴원 햇습니 먹다 쉬 자다 걷다 원장 샘 경력 많다 간호사 샘 친절하다 입원 하다 잇다 동안 걱정 안되다 아가 동영상 꼬박꼬박 보내다 질문 아가 근황 궁금하다 때 카톡 보내다 성심 성의 것 답변 해주다 걱정 많다 저 같다 사람 마음 놓다 맏겻답니 집 잠실 오늘 호선뚤려 한번 가다 지하철 생겻어 야호 멀다 이동 넣다 접종 이나 검진 받다 화곡동 갈다 잠실 시설 좋다 원장 많다 병원 다니다 보다 결과 만족하다 병원 없엇습니 과잉 진찰 진단 매일 다르다 병원 병원 답 진료 자다 진단 자다 반려견 얼마나 자다 치료 해주다 이 젤 중요하다 생각 하다 부분 잇다 도 플러스 만족하다 감사하다 장', '중성 수술 후기 리트리버 믹스견 개월 여자 강아지 여름', '푸다 들다 개월 여자 강아지 중성 수술 자다 돼다 원장 감사하다 지난주 급하다 집 강아지 중성 수술 하다 하다 동물 병원 여기저기 전화 물어보다 동네 여름 친구 주인 추천 병원 전화 하다 하다 현금 계산 제일 저렴하다 곳 비다 저렴하다 현금 결제 패스 병원 저희 집 강아지 종류 리트리버 믹스 대형견 대형견 추가 비도 받다 하다 쿠폰 부르다', '', '가격 깡패 정말 망설이다 인터넷 여러 블로그 탐색 중 마이 펫 플러스 쿠폰 제로 하다 이 곳 알 되어다 첨 보다 가격 착하다 쿠폰 제로 하다 의심 가다 마이 펫 플러스 담당자 친절하다 세밀 하다 자다 알다 바로 쿠폰 구매 하다 금요일 차내 저희 집 강아지 앞집 강아지 데리 중성 수술 하다 도 플러스 가다 도 플러스 직원 전화 친절하다 예약 해주다 기분 좋다 병원 가다 더 친절하다 여름 같다 이간 여름 친구 강아지 예쁘다 해주다 안심 맡다 오다 수 있다 당일 기운 없다 같다 밥 먹다 잠도 자다 둘쨰 날 오후 힘 좋다 여름 이로 돌아오다 날인 어제 산책 나가다 막 뛰다 댕기 어후 힘 더 좋아지다 같다 봉합 부분 녹다 실 실밥 풀 번거롭다 병원 방문 안해 되다 깔끔하다 이 점 강 추하다 여름 털 많다 기다 저희 엄마 털 날리다 하다 스트레스 받다 하다 마취 하다 때 털 한번 밀다 강아지 스트레스 덜 받다 털다 덜 빠지다 미용 하다 귀엽다 죽다 사랑스럽다 울 여름 수술 자다 해주다 도 플러스 직원 원장', '가격 부담 줄다 준 마이 펫 플러스 감사하다']"
29,['별 개 많다 이유 있다 강아지 중성 수술 하다 크다 병원 가다 병원 비 터 무니 비싸다 여기저기 찾다 알 되다 가게 되어다 병원 비도 부담 없다 수술 완전 만족 되어다 여 선생님 잠깐 얘기 나누다 보다 경험 풍부하다 알다 많다 느껴지다 후기 남다 그렇다 편이 아니다 정말 만족하다 다른 도 도움 되다 후기 남기다']
